episode_2587,c_12,c_8,c_8,c_1,0.9781,0.067477025,model_1168
episode_2588,c_7,c_9,m_3,c_4,0.9818,0.058626465,model_305
episode_2589,c_4,c_8,c_4,c_8,0.9739,0.08371199,model_2524
episode_2590,c_10,m_1,c_6,m_1,0.9494,0.1737155,model_2525
episode_2591,c_11,c_8,c_5,c_1,0.971,0.085026495,model_2526
episode_2592,c_10,c_2,c_5,c_4,0.9744,0.08198598,model_2527
episode_2593,c_5,c_6,s,-,0.9779,0.07086312,model_1002
episode_2594,c_1,c_3,m_1,c_1,0.9599,0.13231866,model_2528
episode_2595,c_7,c_8,c_8,c_1,0.9746,0.07922241,model_2529
episode_2596,c_2,c_3,c_9,c_8,0.9746,0.081841506,model_2530
episode_2597,c_2,m_2,c_7,c_9,0.9502,0.17039181,model_2531
episode_2598,s,-,-,-,0.9111,0.328965,model_431
episode_2599,c_5,c_3,c_5,c_3,0.9718,0.08560701,model_2532
episode_2600,c_8,c_4,m_3,c_1,0.958,0.14601849,model_2533
episode_2601,c_5,c_10,c_7,c_9,0.9754,0.08048994,model_2534
episode_2602,c_11,c_1,c_8,s,0.9743,0.08155061,model_2535
episode_2603,c_2,c_5,c_5,c_3,0.973,0.08319051,model_2536
episode_2604,c_8,c_3,s,-,0.9686,0.10371894,model_2070
episode_2605,c_2,c_2,s,-,0.9773,0.07639963,model_731
episode_2606,c_5,c_2,c_5,c_12,0.9735,0.08307732,model_2537
episode_2607,c_11,c_8,c_4,c_9,0.974,0.08265671,model_2538
episode_2608,c_5,c_8,m_3,c_1,0.9664,0.11130446,model_2539
episode_2609,c_2,c_12,m_3,s,0.9725,0.09384033,model_2540
episode_2610,m_3,m_3,c_1,c_1,0.4365,1.6833954,model_2541
episode_2611,c_1,s,-,-,0.9595,0.14239001,model_275
episode_2611,c_1,s,-,-,0.9589,0.14358625,model_1330
episode_2611,c_1,s,-,-,0.9575,0.14356542,model_1639
episode_2612,c_8,c_9,c_6,m_2,0.972,0.087362856,model_2542
episode_2613,c_2,c_10,c_4,c_12,0.9727,0.085856594,model_2543
episode_2614,c_5,c_3,c_6,c_2,0.9727,0.08327277,model_2544
episode_2615,m_1,c_6,c_6,c_1,0.9343,0.21538483,model_2545
episode_2616,c_5,c_9,c_3,c_2,0.9733,0.08704116,model_2546
episode_2617,c_2,c_1,c_5,c_3,0.9756,0.08090415,model_2547
episode_2618,c_6,c_11,c_5,c_1,0.9744,0.08231521,model_2548
episode_2619,c_5,c_9,c_11,c_11,0.9747,0.08122544,model_2549
episode_2620,c_4,c_2,c_10,c_10,0.9736,0.08482334,model_2550
episode_2621,c_1,c_10,c_5,s,0.9734,0.082760766,model_2551
episode_2622,c_12,c_7,c_5,c_1,0.9737,0.08553934,model_2552
episode_2623,c_3,c_8,c_5,m_2,0.9725,0.08782942,model_2553
episode_2624,m_2,m_1,c_9,m_2,0.7622,0.77895427,model_2554
episode_2625,c_9,c_12,c_12,c_11,0.9721,0.08583334,model_2555
episode_2626,c_7,c_8,c_8,c_4,0.974,0.08035977,model_2556
episode_2627,m_2,m_1,c_3,c_5,0.7646,0.77586144,model_2557
episode_2628,c_11,s,-,-,0.9599,0.13573883,model_354
episode_2628,c_11,s,-,-,0.9608,0.1349148,model_1239
episode_2629,c_8,c_3,c_11,c_1,0.9749,0.08134261,model_2558
episode_2630,c_11,c_8,c_12,c_11,0.9728,0.08345133,model_2559
episode_2631,c_6,c_10,m_1,c_3,0.959,0.1435239,model_2560
episode_2632,c_8,c_9,m_1,c_2,0.9612,0.12873234,model_2561
episode_2633,c_5,c_1,c_5,c_12,0.9739,0.08284754,model_2562
episode_2634,c_5,c_6,c_8,c_1,0.9727,0.08324685,model_2563
episode_2635,m_3,c_8,c_7,c_5,0.8551,0.4669639,model_2564
episode_2636,c_5,c_8,m_1,c_7,0.961,0.13400123,model_2565
episode_2637,s,-,-,-,0.9111,0.328965,model_431
episode_2638,m_3,m_2,c_7,c_1,0.5295,1.4726073,model_2566
episode_2639,c_8,c_1,c_1,c_1,0.9741,0.081173435,model_2567
episode_2640,c_5,m_2,c_11,c_3,0.9515,0.16449772,model_2568
episode_2641,c_5,c_10,c_5,c_1,0.9737,0.08258713,model_2569
episode_2642,c_9,m_1,c_2,c_1,0.9508,0.16553713,model_2570
episode_2643,c_1,m_1,c_5,s,0.9484,0.17138001,model_2571
episode_2644,s,-,-,-,0.9111,0.328965,model_431
episode_2645,m_1,s,-,-,0.8985,0.39769065,model_747
episode_2645,m_1,s,-,-,0.8964,0.4006543,model_1269
episode_2645,m_1,s,-,-,0.8953,0.40298048,model_1897
episode_2646,s,-,-,-,0.9111,0.328965,model_431
episode_2647,c_10,c_3,c_5,c_1,0.9727,0.08327919,model_2572
episode_2648,c_6,s,-,-,0.9632,0.12855202,model_53
episode_2648,c_6,s,-,-,0.9631,0.12906559,model_1281
episode_2648,c_6,s,-,-,0.9626,0.1315919,model_1743
episode_2649,c_11,c_3,c_5,m_3,0.9745,0.084395476,model_2573
episode_2650,c_12,c_11,m_3,c_1,0.9636,0.12490963,model_2574
episode_2651,c_3,c_4,c_6,m_3,0.9731,0.08389234,model_2575
episode_2652,c_5,c_8,c_2,m_2,0.9715,0.088672146,model_2576
episode_2653,c_5,c_11,s,-,0.9678,0.10720055,model_2577
episode_2654,c_5,c_9,c_9,c_12,0.9735,0.08353748,model_2578
episode_2655,c_7,c_8,c_9,c_4,0.9743,0.08392608,model_2579
episode_2656,c_4,c_6,m_3,c_1,0.9705,0.100666344,model_2580
episode_2657,c_5,c_8,c_5,c_7,0.9729,0.08528948,model_2581
episode_2658,s,-,-,-,0.9111,0.328965,model_431
episode_2659,m_3,m_1,c_9,c_7,0.6079,1.2004235,model_2582
episode_2660,c_1,c_12,c_8,c_5,0.9731,0.0852537,model_2583
episode_2661,c_10,c_5,m_2,c_1,0.9622,0.13120002,model_2584
episode_2662,c_9,c_8,c_6,c_1,0.9733,0.08391216,model_2585
episode_2663,c_4,c_8,m_2,m_1,0.9605,0.13113694,model_2586
episode_2664,c_8,m_1,m_3,c_1,0.8995,0.399153,model_2587
episode_2665,c_5,c_7,c_4,c_8,0.9735,0.08242224,model_2588
episode_2666,m_3,c_3,c_8,c_4,0.8573,0.46129552,model_2589
episode_2667,m_3,s,-,-,0.7908,0.7308557,model_691
episode_2667,m_3,s,-,-,0.7882,0.7370571,model_1079
episode_2668,c_12,c_9,c_6,s,0.9721,0.08459989,model_2590
episode_2669,c_9,c_12,c_5,c_9,0.9742,0.08688245,model_2591
episode_2670,c_5,c_5,c_7,m_1,0.9741,0.079549074,model_2592
episode_2671,c_1,m_2,c_5,c_1,0.949,0.17114213,model_2593
episode_2672,c_5,c_10,c_9,c_3,0.9739,0.08210027,model_2594
episode_2673,c_5,c_1,c_5,c_2,0.9741,0.0829832,model_2595
episode_2674,c_5,c_2,c_3,c_2,0.974,0.0791254,model_2596
episode_2675,c_4,c_2,m_2,m_1,0.9574,0.14031096,model_2597
episode_2676,c_5,c_4,c_12,c_8,0.9744,0.08078841,model_2598
episode_2677,c_5,c_4,c_6,c_1,0.9736,0.08681169,model_2599
episode_2678,c_5,c_8,c_5,c_3,0.974,0.08294911,model_2600
episode_2679,c_1,c_8,c_12,m_2,0.9736,0.08190934,model_2601
episode_2680,c_5,c_1,c_5,m_3,0.9717,0.08555897,model_2602
episode_2681,c_2,c_1,c_7,c_6,0.9745,0.080386944,model_2603
episode_2682,c_2,s,-,-,0.962,0.13089815,model_250
episode_2682,c_2,s,-,-,0.9618,0.1329981,model_1043
episode_2683,c_12,c_3,c_9,m_1,0.9703,0.09331947,model_2604
episode_2684,s,-,-,-,0.9111,0.328965,model_431
episode_2685,c_5,c_8,c_6,c_5,0.9747,0.07898667,model_2605
episode_2686,c_5,c_8,c_9,c_1,0.9744,0.08566397,model_2606
episode_2687,c_8,c_2,c_4,c_5,0.9729,0.08732625,model_2607
episode_2688,c_9,m_3,c_1,s,0.9556,0.1522471,model_2608
episode_2689,c_5,c_7,c_12,c_11,0.9737,0.08168657,model_2609
episode_2690,c_6,c_8,c_3,m_3,0.9716,0.09049989,model_2610
episode_2691,c_12,s,-,-,0.9625,0.13331962,model_41
episode_2692,m_1,c_9,m_2,c_1,0.9267,0.27781087,model_2611
episode_2693,c_5,c_8,c_5,c_8,0.9755,0.0773185,model_2612
episode_2694,c_4,c_8,s,-,0.9678,0.106979765,model_2613
episode_2695,m_1,c_12,s,-,0.9127,0.30149198,model_2614
episode_2696,c_1,c_8,c_1,c_11,0.9736,0.08243618,model_2387
episode_2697,c_5,c_12,c_5,c_4,0.9737,0.085524164,model_2615
episode_2698,c_7,c_8,c_2,c_12,0.9744,0.08035616,model_2616
episode_2699,s,-,-,-,0.9111,0.328965,model_431
episode_2700,c_10,c_1,c_5,c_12,0.9795,0.0623109,model_389
episode_2701,c_5,c_10,c_11,c_1,0.974,0.081929415,model_2617
episode_2702,c_4,c_9,c_8,c_5,0.9737,0.081347,model_2618
episode_2703,c_4,c_8,c_4,c_11,0.974,0.08377487,model_2619
episode_2704,c_11,c_9,m_1,c_10,0.9625,0.13263991,model_2620
episode_2705,c_11,c_2,c_8,m_1,0.9743,0.08175939,model_2621
episode_2706,m_3,m_1,s,-,0.5849,1.4568685,model_2622
episode_2707,c_5,c_7,c_4,m_1,0.9734,0.083160184,model_2623
episode_2708,c_5,c_8,c_8,c_1,0.9734,0.08298143,model_2624
episode_2709,c_5,c_1,c_11,c_6,0.9821,0.05689962,model_693
episode_2710,s,-,-,-,0.9111,0.328965,model_431
episode_2711,c_8,c_5,c_3,c_1,0.976,0.08027729,model_2625
episode_2712,c_6,c_8,c_5,s,0.9726,0.08715086,model_2626
episode_2713,c_9,c_9,c_7,c_12,0.9727,0.08877952,model_2627
episode_2714,c_5,c_11,c_2,c_8,0.9731,0.0856867,model_2628
episode_2715,c_10,c_8,c_9,c_1,0.9725,0.0823475,model_2629
episode_2716,c_11,c_5,c_5,c_1,0.9734,0.082873866,model_2630
episode_2717,c_2,c_8,c_5,c_5,0.9724,0.086977184,model_2631
episode_2718,c_4,c_4,c_3,c_12,0.9739,0.08381784,model_2632
episode_2719,c_1,c_8,c_12,c_11,0.9754,0.081009746,model_2633
episode_2720,c_1,c_6,m_2,c_1,0.9633,0.124105945,model_2634
episode_2721,c_6,c_8,c_7,c_1,0.9733,0.08116581,model_2635
episode_2722,c_8,c_12,m_1,c_11,0.9622,0.13116576,model_2636
episode_2723,c_1,c_12,c_4,c_1,0.9735,0.08389239,model_2637
episode_2724,c_5,c_4,c_8,c_3,0.9743,0.081203155,model_2638
episode_2725,c_9,c_8,m_2,c_9,0.9607,0.13292004,model_2639
episode_2726,c_5,c_1,c_3,c_1,0.9739,0.08648794,model_2640
episode_2727,c_2,s,-,-,0.962,0.13089815,model_250
episode_2727,c_2,s,-,-,0.9618,0.1329981,model_1043
episode_2728,c_1,c_9,m_1,c_12,0.9606,0.13613869,model_2641
episode_2729,m_2,c_3,c_12,s,0.9338,0.21910138,model_2642
episode_2730,c_12,c_10,c_1,c_9,0.973,0.08710375,model_2643
episode_2731,c_5,m_1,c_7,c_11,0.9505,0.16597818,model_2644
episode_2732,c_12,c_3,c_5,c_1,0.9724,0.08424341,model_2645
episode_2733,c_10,m_1,c_5,c_1,0.9499,0.16868083,model_2646
episode_2734,c_5,c_8,m_3,c_9,0.968,0.11172844,model_2647
episode_2735,c_12,c_6,c_2,c_10,0.9745,0.08591857,model_2648
episode_2736,c_8,m_3,c_10,c_3,0.9413,0.19877,model_2649
episode_2737,c_9,c_8,c_10,m_3,0.9714,0.08571455,model_2650
episode_2738,c_5,m_3,c_5,c_1,0.9489,0.17320423,model_2651
episode_2739,c_10,m_2,c_7,c_9,0.9459,0.18082394,model_2652
episode_2740,c_5,c_8,c_5,c_1,0.9712,0.08880612,model_2183
episode_2741,c_5,c_9,c_8,c_5,0.9731,0.08548842,model_2653
episode_2742,c_5,c_2,c_5,c_1,0.9816,0.05907004,model_1997
episode_2743,c_3,c_8,c_6,c_8,0.9733,0.08319363,model_2654
episode_2744,c_5,c_8,c_7,c_3,0.9742,0.07728658,model_2655
episode_2745,s,-,-,-,0.9111,0.328965,model_431
episode_2746,m_1,c_2,c_5,c_1,0.9357,0.20972636,model_2501
episode_2747,m_1,c_10,c_2,c_1,0.9368,0.20781879,model_2656
episode_2748,c_2,c_9,c_5,c_11,0.9817,0.05823317,model_635
episode_2749,c_10,c_1,c_5,m_3,0.9728,0.086412884,model_2657
episode_2750,m_1,c_5,c_3,c_12,0.932,0.21831676,model_2658
episode_2751,c_5,c_8,m_2,m_1,0.9638,0.12453412,model_2659
episode_2752,c_5,c_5,c_3,c_9,0.9735,0.08412824,model_2660
episode_2753,c_5,c_4,m_2,c_6,0.9569,0.14350246,model_2661
episode_2754,c_7,m_2,c_12,c_10,0.947,0.17651656,model_2662
episode_2755,m_3,m_2,c_2,c_1,0.5227,1.4652246,model_2663
episode_2756,s,-,-,-,0.9111,0.328965,model_431
episode_2757,c_10,c_9,c_10,c_10,0.9719,0.088556275,model_2664
episode_2758,s,-,-,-,0.9111,0.328965,model_431
episode_2759,c_5,c_2,c_2,c_6,0.9743,0.08194958,model_2665
episode_2760,c_5,s,-,-,0.9443,0.1945998,model_2038
episode_2761,c_5,c_1,c_5,c_3,0.9742,0.08082522,model_2502
episode_2762,s,-,-,-,0.9111,0.328965,model_431
episode_2763,c_3,c_10,c_5,c_1,0.9741,0.08652791,model_2666
episode_2764,c_12,c_1,c_9,m_1,0.9734,0.08206992,model_2667
episode_2765,m_1,s,-,-,0.8985,0.39769065,model_747
episode_2765,m_1,s,-,-,0.8964,0.4006543,model_1269
episode_2765,m_1,s,-,-,0.8953,0.40298048,model_1897
episode_2766,c_7,m_3,c_1,c_11,0.9203,0.2697799,model_2668
episode_2767,c_3,c_8,c_5,c_1,0.9725,0.08604784,model_2669
episode_2768,c_12,c_8,c_6,c_8,0.9733,0.08755165,model_2670
episode_2769,m_1,c_10,c_10,c_4,0.9353,0.21070258,model_2671
episode_2770,c_5,c_8,c_3,c_1,0.9725,0.08625948,model_2672
episode_2771,c_3,c_12,c_4,c_1,0.9724,0.08761116,model_2673
episode_2772,c_3,c_7,m_2,c_5,0.9603,0.13656397,model_2674
episode_2773,c_5,c_7,m_3,c_9,0.9478,0.17276032,model_2675
episode_2774,c_12,c_8,m_3,c_3,0.9635,0.12464307,model_2676
episode_2775,c_5,c_5,c_4,c_7,0.9747,0.084710136,model_2677
episode_2776,c_9,c_8,c_3,c_4,0.9723,0.088698305,model_2678
episode_2777,c_4,c_8,s,-,0.9678,0.106979765,model_2613
episode_2778,c_5,c_8,m_2,c_2,0.9598,0.13157047,model_2679
episode_2779,c_5,c_8,m_3,c_2,0.9656,0.11653054,model_2680
episode_2780,c_6,c_10,c_5,c_1,0.9728,0.08322441,model_2681
episode_2781,c_1,c_6,c_5,c_1,0.9724,0.088285305,model_2682
episode_2782,c_8,s,-,-,0.9613,0.13357337,model_1311
episode_2782,c_8,s,-,-,0.962,0.13284324,model_1614
episode_2783,c_8,c_2,c_12,m_1,0.972,0.08784687,model_2683
episode_2784,c_11,c_4,c_5,c_7,0.9729,0.08357529,model_2684
episode_2785,c_4,m_3,c_2,c_1,0.9193,0.25936174,model_2685
episode_2786,c_5,m_2,c_8,c_6,0.9513,0.16040097,model_2686
episode_2787,c_5,c_8,c_7,m_3,0.9732,0.08428488,model_2687
episode_2788,c_11,s,-,-,0.9599,0.13573883,model_354
episode_2788,c_11,s,-,-,0.9608,0.1349148,model_1239
episode_2789,c_5,c_4,c_8,c_9,0.9727,0.08135515,model_2688
episode_2790,c_3,c_8,m_3,c_10,0.9659,0.116322435,model_2689
episode_2791,c_5,c_10,c_5,c_7,0.9733,0.082618296,model_2690
episode_2792,c_5,c_10,c_5,c_11,0.9741,0.08071659,model_2691
episode_2793,c_9,c_8,c_7,m_2,0.9738,0.08454858,model_2692
episode_2794,c_5,c_9,c_5,c_1,0.9727,0.08658072,model_2693
episode_2795,c_6,c_5,c_9,m_3,0.9741,0.086118154,model_2694
episode_2796,c_5,c_8,c_8,c_5,0.9751,0.07970783,model_2695
episode_2797,c_6,c_8,c_9,c_11,0.9721,0.08397476,model_2696
episode_2798,m_3,c_8,c_5,s,0.8566,0.45629424,model_2697
episode_2799,c_5,c_8,c_6,c_1,0.9719,0.08369802,model_2698
episode_2800,m_2,c_7,c_7,m_1,0.932,0.22023085,model_2699
episode_2801,c_2,c_8,m_1,c_1,0.961,0.1328756,model_2700
episode_2802,c_11,c_6,c_5,m_1,0.9743,0.08111819,model_2701
episode_2803,c_5,c_7,c_8,m_3,0.972,0.08776081,model_2702
episode_2804,c_1,c_9,c_2,c_12,0.9739,0.083698414,model_2703
episode_2805,c_5,c_8,c_5,c_12,0.9738,0.08269665,model_2704
episode_2806,m_2,c_8,c_1,c_12,0.9285,0.22969627,model_2705
episode_2807,c_7,m_1,m_2,c_2,0.8972,0.38974312,model_2706
episode_2808,m_1,c_4,m_1,c_12,0.901,0.3634483,model_2707
episode_2809,c_11,m_1,c_8,c_11,0.9508,0.16224629,model_2708
episode_2810,c_5,c_11,c_5,c_1,0.9818,0.06095364,model_1791
episode_2811,c_5,c_8,c_10,c_1,0.9734,0.084087804,model_2457
episode_2812,c_5,m_2,c_5,c_4,0.9497,0.16551135,model_2709
episode_2813,c_4,c_6,c_6,c_1,0.9731,0.08421357,model_2710
episode_2814,c_5,c_8,c_4,c_2,0.9727,0.083813794,model_2711
episode_2815,c_4,c_1,c_6,c_9,0.9748,0.081115946,model_2712
episode_2816,c_7,c_4,s,-,0.9765,0.07468289,model_1439
episode_2817,c_4,c_8,m_1,c_1,0.9613,0.13665628,model_2713
episode_2818,c_2,c_8,c_5,c_11,0.9723,0.08613559,model_2714
episode_2819,c_1,c_10,c_12,c_1,0.974,0.08242757,model_2715
episode_2820,c_7,m_1,c_2,m_1,0.9662,0.11197111,model_1792
episode_2821,c_5,c_5,c_5,c_1,0.9728,0.08555476,model_2716
episode_2822,c_11,c_8,c_5,c_1,0.971,0.085026495,model_2526
episode_2823,m_2,c_8,s,-,0.908,0.313755,model_2717
episode_2824,c_9,c_8,c_5,c_5,0.9723,0.08857753,model_2439
episode_2825,m_2,c_6,c_5,c_3,0.9322,0.22759625,model_2718
episode_2826,c_11,s,-,-,0.9599,0.13573883,model_354
episode_2826,c_11,s,-,-,0.9608,0.1349148,model_1239
episode_2827,c_10,c_5,c_5,c_1,0.9744,0.08049429,model_2719
episode_2828,c_3,c_1,c_5,c_8,0.9729,0.08678091,model_2720
episode_2829,c_9,c_12,c_8,c_7,0.9719,0.086045586,model_2721
episode_2830,c_8,c_12,c_10,c_1,0.9749,0.084457666,model_2722
episode_2831,m_1,c_11,c_5,c_3,0.9348,0.21493451,model_2723
episode_2832,m_2,c_8,c_5,c_3,0.9326,0.22365442,model_2724
episode_2833,s,-,-,-,0.9111,0.328965,model_431
episode_2834,c_5,c_3,c_11,c_9,0.9743,0.078653194,model_2725
episode_2835,c_5,c_4,m_3,m_3,0.9523,0.16289937,model_2726
episode_2836,c_10,c_7,s,-,0.9769,0.0760388,model_1432
episode_2837,m_1,c_1,c_7,c_3,0.9381,0.21118422,model_2727
episode_2838,c_6,m_1,c_5,c_7,0.9526,0.15933165,model_2728
episode_2839,c_7,c_5,c_2,c_10,0.9754,0.079190694,model_2729
episode_2840,c_5,c_12,c_4,c_1,0.9733,0.08259969,model_2730
episode_2841,c_5,s,-,-,0.9443,0.1945998,model_2038
episode_2842,c_1,c_8,c_5,m_3,0.9752,0.07991862,model_2731
episode_2843,c_4,c_7,m_3,c_2,0.9517,0.15994026,model_2732
episode_2844,c_9,c_11,m_3,c_11,0.9652,0.118972115,model_2733
episode_2845,c_5,c_8,c_6,c_1,0.9719,0.08369802,model_2698
episode_2846,c_5,c_9,c_6,m_2,0.9734,0.08603996,model_2734
episode_2847,s,-,-,-,0.9111,0.328965,model_431
episode_2848,m_2,c_9,c_5,c_3,0.9289,0.22813225,model_2735
episode_2849,c_5,c_7,c_6,c_3,0.9719,0.08408655,model_2736
episode_2850,c_5,c_10,c_5,c_1,0.9737,0.08258713,model_2569
episode_2851,c_11,c_8,c_1,c_5,0.9742,0.08411883,model_2737
episode_2852,m_3,c_8,c_11,c_4,0.8693,0.3907461,model_619
episode_2853,m_2,c_8,c_9,c_1,0.931,0.22259837,model_2738
episode_2854,s,-,-,-,0.9111,0.328965,model_431
episode_2855,c_10,c_8,c_9,c_8,0.9739,0.08052079,model_2739
episode_2856,c_5,c_2,c_4,c_8,0.974,0.07994192,model_2740
episode_2857,c_11,s,-,-,0.9599,0.13573883,model_354
episode_2857,c_11,s,-,-,0.9608,0.1349148,model_1239
episode_2858,c_9,c_10,c_1,c_1,0.9722,0.08783138,model_2741
episode_2859,m_3,c_5,m_3,c_8,0.7578,0.8772192,model_2742
episode_2860,c_5,c_8,c_5,c_5,0.9734,0.08246065,model_2468
episode_2861,m_1,c_8,c_9,c_8,0.9342,0.20898718,model_2743
episode_2862,c_6,c_5,c_5,c_1,0.9703,0.089348845,model_2744
episode_2863,c_9,c_2,c_12,c_6,0.9736,0.085146464,model_2745
episode_2864,c_7,s,-,-,0.9576,0.14393954,model_167
episode_2865,c_5,c_1,m_2,m_2,0.9572,0.14546792,model_2746
episode_2866,c_5,c_8,c_3,c_7,0.974,0.08465426,model_2747
episode_2867,c_7,m_2,c_8,m_2,0.9488,0.17136262,model_2748
episode_2868,c_5,c_9,c_5,c_2,0.9739,0.08258349,model_2749
episode_2869,c_5,c_3,c_3,c_1,0.9724,0.081354186,model_2750
episode_2870,c_8,m_3,c_10,c_10,0.9419,0.19813353,model_2751
episode_2871,c_4,c_8,c_8,c_1,0.9723,0.084797755,model_2752
episode_2872,c_2,c_10,c_1,s,0.9735,0.082407266,model_2753
episode_2873,c_5,c_1,m_2,c_1,0.9561,0.14724775,model_2754
episode_2874,c_5,c_12,c_5,c_12,0.9729,0.0855697,model_2755
episode_2875,c_5,c_8,c_8,c_3,0.974,0.08444317,model_2756
episode_2876,m_2,c_10,c_11,c_5,0.9319,0.2190333,model_2757
episode_2877,c_9,c_8,c_9,c_11,0.9729,0.088527806,model_2758
episode_2878,s,-,-,-,0.9111,0.328965,model_431
episode_2879,c_9,c_8,c_5,c_3,0.9722,0.085261725,model_2759
episode_2880,c_5,c_3,c_5,c_1,0.9755,0.08051262,model_2760
episode_2881,s,-,-,-,0.9111,0.328965,model_431
episode_2882,c_11,c_2,c_8,c_1,0.9737,0.08239991,model_2761
episode_2883,s,-,-,-,0.9111,0.328965,model_431
episode_2884,c_5,c_11,c_8,c_1,0.9741,0.08110513,model_2762
episode_2885,m_2,c_7,c_8,c_1,0.9344,0.21584702,model_2763
episode_2886,c_5,c_11,c_4,s,0.9744,0.08283774,model_2764
episode_2887,c_6,c_11,m_1,c_1,0.9635,0.12827992,model_2765
episode_2888,c_9,c_12,c_5,c_9,0.9742,0.08688245,model_2591
episode_2889,m_2,c_7,m_2,c_12,0.8864,0.42180642,model_2766
episode_2890,c_5,c_8,c_5,s,0.9741,0.0812798,model_2767
episode_2891,c_11,c_8,c_6,c_1,0.9748,0.08409615,model_2768
episode_2892,m_3,c_8,c_8,c_6,0.8542,0.46333265,model_2769
episode_2893,m_2,c_8,m_3,c_1,0.8923,0.43547827,model_2770
episode_2894,c_8,c_4,m_2,c_1,0.9566,0.14690591,model_2771
episode_2895,c_1,c_8,c_9,c_1,0.9754,0.08434249,model_2772
episode_2896,c_10,c_8,c_5,c_1,0.9725,0.08759643,model_2773
episode_2897,c_3,c_11,m_2,c_12,0.9622,0.12843809,model_2774
episode_2898,c_9,c_5,c_2,m_2,0.972,0.08688084,model_2775
episode_2899,c_4,c_6,c_4,c_1,0.9733,0.083469,model_2776
episode_2900,m_1,c_2,m_1,m_3,0.9043,0.35692543,model_2777
episode_2901,c_5,c_8,c_5,c_7,0.9729,0.08528948,model_2581
episode_2902,c_8,c_8,c_5,c_12,0.9738,0.084564194,model_2778
episode_2903,s,-,-,-,0.9111,0.328965,model_431
episode_2904,c_6,s,-,-,0.9632,0.12855202,model_53
episode_2904,c_6,s,-,-,0.9631,0.12906559,model_1281
episode_2904,c_6,s,-,-,0.9626,0.1315919,model_1743
episode_2905,m_1,c_8,c_10,c_1,0.9333,0.22534984,model_2779
episode_2906,c_5,c_8,c_10,m_3,0.9734,0.08542429,model_2780
episode_2907,c_4,c_10,c_5,c_11,0.9754,0.078411296,model_2781
episode_2908,m_2,c_2,c_5,c_1,0.9362,0.21957791,model_2782
episode_2909,c_7,c_8,m_1,c_6,0.9603,0.13937579,model_2783
episode_2910,c_10,c_8,c_5,c_1,0.9725,0.08759643,model_2773
episode_2911,c_5,c_1,c_5,m_1,0.9789,0.063713565,model_1253
episode_2912,c_9,c_8,c_12,c_6,0.9802,0.058403783,model_1086
episode_2913,c_4,m_1,c_9,c_1,0.9532,0.16316739,model_2784
episode_2914,c_5,c_3,c_5,c_1,0.9755,0.08051262,model_2760
episode_2915,c_6,c_6,c_5,c_1,0.9728,0.085232794,model_2785
episode_2916,m_1,c_5,m_3,m_1,0.9169,0.3471719,model_2786
episode_2917,c_5,c_9,s,-,0.9775,0.07472326,model_58
episode_2917,c_5,c_9,s,-,0.9769,0.07257775,model_1808
episode_2918,c_5,c_11,c_10,c_1,0.9732,0.08189851,model_2787
episode_2919,c_1,m_2,c_5,c_9,0.9472,0.17713282,model_2788
episode_2920,s,-,-,-,0.9111,0.328965,model_431
episode_2921,c_6,c_6,c_4,c_1,0.9712,0.08696025,model_2789
episode_2922,c_11,m_1,c_2,m_1,0.9518,0.1666865,model_2790
episode_2923,m_1,c_8,c_7,c_1,0.9321,0.22101738,model_2791
episode_2924,c_5,c_8,c_4,c_1,0.9743,0.081218705,model_2792
episode_2925,m_2,c_12,c_6,c_1,0.9331,0.2207951,model_2793
episode_2926,c_8,c_5,c_5,c_9,0.9738,0.0824023,model_2794
episode_2927,c_10,c_8,c_4,c_1,0.975,0.08119384,model_2453
episode_2928,m_3,c_5,m_1,c_1,0.788,0.73424065,model_2795
episode_2929,c_1,c_3,c_11,c_1,0.9734,0.084462084,model_2796
episode_2930,s,-,-,-,0.9111,0.328965,model_431
episode_2931,m_3,c_8,c_5,m_1,0.8524,0.47385195,model_2797
episode_2932,c_6,c_8,c_11,s,0.972,0.08273689,model_2798
episode_2933,m_1,m_3,m_1,c_11,0.3387,2.0526028,model_2799
episode_2934,c_2,m_2,c_6,c_9,0.9663,0.10999331,model_708
episode_2935,c_8,c_8,m_2,s,0.9618,0.1323859,model_2800
episode_2936,m_1,c_8,c_5,c_12,0.9373,0.21026129,model_2801
episode_2937,c_5,c_11,c_1,c_1,0.9746,0.08232179,model_2802
episode_2938,c_9,c_8,c_10,m_3,0.9714,0.08571455,model_2650
episode_2939,c_5,m_1,c_2,m_2,0.9672,0.108546354,model_383
episode_2940,m_2,c_8,c_5,c_9,0.9303,0.23030269,model_2803
episode_2941,m_2,c_8,c_5,c_6,0.9329,0.21984093,model_2804
episode_2942,c_5,c_6,m_3,c_1,0.9704,0.10150882,model_2805
episode_2943,m_2,c_1,c_11,m_2,0.9331,0.21953388,model_2806
episode_2944,c_3,c_9,c_5,m_1,0.9726,0.086881936,model_2470
episode_2945,c_3,c_7,c_5,s,0.9731,0.08291097,model_2807
episode_2946,c_6,m_1,c_12,c_7,0.9538,0.1562666,model_2808
episode_2947,c_9,c_8,c_12,c_1,0.9726,0.08741263,model_2809
episode_2948,c_5,c_8,c_5,c_1,0.9712,0.08880612,model_2183
episode_2949,c_4,c_5,c_5,c_11,0.973,0.08724859,model_2810
episode_2950,c_5,c_6,c_10,c_1,0.9745,0.0818005,model_2811
episode_2951,c_5,c_3,c_11,m_3,0.9727,0.08671471,model_2812
episode_2952,m_1,c_8,c_8,c_8,0.9375,0.2089795,model_2813
episode_2953,c_12,c_6,c_1,c_10,0.9726,0.09117798,model_2814
episode_2954,m_1,c_1,c_9,c_11,0.9365,0.20783362,model_2815
episode_2955,c_5,c_3,c_3,c_1,0.9724,0.081354186,model_2750
episode_2956,c_4,s,-,-,0.9588,0.14197478,model_377
episode_2956,c_4,s,-,-,0.9584,0.14299645,model_1288
episode_2956,c_4,s,-,-,0.9587,0.13953258,model_1641
episode_2957,c_10,c_7,c_10,c_1,0.976,0.07784157,model_2816
episode_2958,c_11,c_1,c_9,c_7,0.9741,0.08548672,model_2817
episode_2959,c_5,c_8,c_5,c_3,0.974,0.08294911,model_2600
episode_2960,c_10,c_11,c_3,c_8,0.9745,0.08120638,model_2818
episode_2961,c_5,c_11,c_4,c_1,0.974,0.08054947,model_2819
episode_2962,c_3,c_2,c_5,m_3,0.9731,0.08230416,model_2820
episode_2963,c_5,c_6,c_5,c_11,0.9738,0.08320159,model_2185
episode_2964,c_10,m_3,c_8,c_7,0.9264,0.2455156,model_2821
episode_2965,c_8,c_4,c_5,c_10,0.9722,0.083566576,model_2822
episode_2966,c_1,c_8,c_6,c_1,0.9739,0.08415271,model_2823
episode_2967,c_5,c_8,c_5,c_1,0.9712,0.08880612,model_2183
episode_2968,c_5,c_3,c_5,c_5,0.9733,0.08375905,model_2824
episode_2969,c_8,c_9,c_5,c_1,0.9737,0.081897974,model_2825
episode_2970,c_5,c_12,c_4,c_1,0.9733,0.08259969,model_2730
episode_2971,c_5,c_8,c_1,c_1,0.974,0.08139116,model_2251
episode_2972,m_1,c_1,c_5,c_7,0.9411,0.19935471,model_2826
episode_2973,c_6,c_5,c_11,c_7,0.9715,0.089887954,model_2827
episode_2974,m_3,c_8,m_1,m_2,0.7853,0.7466177,model_2828
episode_2975,c_5,c_4,c_8,c_8,0.9734,0.080878176,model_2829
episode_2976,c_4,s,-,-,0.9588,0.14197478,model_377
episode_2976,c_4,s,-,-,0.9584,0.14299645,model_1288
episode_2976,c_4,s,-,-,0.9587,0.13953258,model_1641
episode_2977,c_5,c_8,c_7,m_1,0.9737,0.08240833,model_2830
episode_2978,s,-,-,-,0.9111,0.328965,model_431
episode_2979,c_5,c_7,c_11,c_1,0.9728,0.082799554,model_2831
episode_2980,c_5,c_7,c_8,c_2,0.9736,0.083440654,model_2832
episode_2981,c_1,c_8,c_10,c_1,0.9743,0.08167686,model_2833
episode_2982,c_5,c_8,m_3,c_3,0.9675,0.11055188,model_2834
episode_2983,c_5,c_11,s,-,0.9678,0.10720055,model_2577
episode_2984,c_12,m_2,m_1,c_1,0.9352,0.24671641,model_2835
episode_2985,s,-,-,-,0.9111,0.328965,model_431
episode_2986,c_11,c_10,m_3,c_1,0.9535,0.15845005,model_2836
episode_2987,c_5,c_8,c_2,c_8,0.9734,0.08162138,model_2837
episode_2988,c_8,c_5,m_1,c_1,0.9614,0.13237754,model_2838
episode_2989,c_2,c_8,c_5,m_3,0.9737,0.0798129,model_2839
episode_2990,c_6,m_2,m_1,c_5,0.9348,0.24914399,model_2840
episode_2991,m_3,c_8,m_3,c_3,0.7673,0.8459886,model_2841
episode_2992,c_2,c_8,c_11,s,0.9742,0.08036162,model_2842
episode_2993,m_3,c_8,c_6,c_10,0.8591,0.45147637,model_2843
episode_2994,c_12,c_2,c_5,c_5,0.9728,0.08165811,model_2844
episode_2995,c_5,c_4,c_2,c_2,0.9718,0.08746678,model_2845
episode_2996,c_1,m_1,c_3,m_3,0.9495,0.17247777,model_2846
episode_2997,c_1,c_7,m_3,c_10,0.956,0.1553689,model_2847
episode_2998,c_5,c_7,s,-,0.9758,0.07535529,model_248
episode_2998,c_5,c_7,s,-,0.9771,0.07350419,model_1474
episode_2999,s,-,-,-,0.9111,0.328965,model_431
episode_3000,c_9,c_4,c_8,s,0.9736,0.086225994,model_2848
episode_3001,c_5,c_8,c_5,c_3,0.974,0.08294911,model_2600
episode_3002,c_2,c_6,c_5,c_8,0.9733,0.08404154,model_2849
episode_3003,c_6,c_5,m_2,c_1,0.9595,0.13401501,model_2850
episode_3004,c_5,c_8,c_5,c_6,0.9802,0.059801523,model_911
episode_3005,c_9,c_8,c_9,c_1,0.9739,0.08217682,model_2851
episode_3006,c_5,c_9,c_5,m_2,0.9724,0.086355455,model_2852
episode_3007,s,-,-,-,0.9111,0.328965,model_431
episode_3008,c_5,c_8,c_6,c_8,0.9719,0.08922372,model_2853
episode_3009,m_2,c_9,c_1,c_12,0.9282,0.23130731,model_2854
episode_3010,c_7,c_8,c_1,c_11,0.9723,0.08428927,model_2855
episode_3011,c_5,c_3,c_5,m_1,0.9735,0.079688795,model_2856
episode_3012,c_1,c_7,c_4,c_1,0.9749,0.08141531,model_2857
episode_3013,m_3,c_6,c_5,c_9,0.8551,0.45932755,model_2858
episode_3014,c_9,c_8,c_11,c_1,0.9727,0.083426505,model_2859
episode_3015,c_7,c_8,c_5,m_3,0.9748,0.08101727,model_2860
episode_3016,c_5,c_12,c_5,c_1,0.9803,0.06423552,model_221
episode_3017,c_5,c_7,c_6,c_1,0.9722,0.08763058,model_2861
episode_3018,s,-,-,-,0.9111,0.328965,model_431
episode_3019,c_5,c_12,c_5,c_12,0.9729,0.0855697,model_2755
episode_3020,c_3,c_8,c_7,m_3,0.974,0.08301884,model_2862
episode_3021,c_8,c_8,c_5,c_5,0.9727,0.092025004,model_2863
episode_3022,c_5,c_8,m_3,c_1,0.9664,0.11130446,model_2539
episode_3023,c_9,c_8,c_7,c_10,0.9722,0.08493343,model_2864
episode_3024,c_5,c_10,c_1,m_2,0.9737,0.082557775,model_2865
episode_3025,c_5,c_8,m_1,c_1,0.9608,0.13567477,model_2866
episode_3026,m_3,c_8,c_8,c_7,0.8581,0.45448834,model_2867
episode_3027,c_5,c_3,c_5,c_5,0.9733,0.08375905,model_2824
episode_3028,c_5,c_10,c_3,c_5,0.9742,0.086613566,model_2868
episode_3029,c_5,c_9,c_8,c_1,0.974,0.083734594,model_2869
episode_3030,m_3,c_8,m_1,c_1,0.7864,0.73612344,model_2870
episode_3031,c_6,m_2,c_3,c_11,0.9528,0.15936188,model_2871
episode_3032,c_5,c_8,c_5,c_3,0.974,0.08294911,model_2600
episode_3033,c_5,c_8,c_5,s,0.9741,0.0812798,model_2767
episode_3034,c_8,m_1,c_5,c_1,0.9683,0.1080049,model_1835
episode_3035,s,-,-,-,0.9111,0.328965,model_431
episode_3036,c_5,c_8,c_5,c_1,0.9712,0.08880612,model_2183
episode_3037,c_2,c_10,c_10,c_6,0.9752,0.07882247,model_2872
episode_3038,c_5,c_3,c_5,c_1,0.9755,0.08051262,model_2760
episode_3039,s,-,-,-,0.9111,0.328965,model_431
episode_3040,s,-,-,-,0.9111,0.328965,model_431
episode_3041,c_12,c_10,c_12,c_10,0.9728,0.08700869,model_2873
episode_3042,c_11,c_7,c_5,c_1,0.9742,0.080713436,model_2874
episode_3043,c_5,c_8,c_5,c_11,0.98,0.062338933,model_244
episode_3044,c_6,m_2,c_6,c_1,0.9533,0.15373467,model_2875
episode_3045,c_5,c_5,c_5,s,0.9727,0.08246665,model_2876
episode_3046,c_5,c_1,c_5,c_4,0.9745,0.08072523,model_2877
episode_3047,m_2,c_8,c_5,c_9,0.9303,0.23030269,model_2803
episode_3048,c_4,c_11,c_6,c_9,0.9717,0.08886571,model_2878
episode_3049,c_5,c_8,c_5,c_1,0.9712,0.08880612,model_2183
episode_3050,c_5,c_8,m_2,m_2,0.9628,0.1275093,model_2498
episode_3051,c_5,m_2,c_2,m_2,0.9514,0.16258338,model_2879
episode_3052,m_3,c_7,c_5,c_9,0.855,0.4542994,model_2880
episode_3053,m_1,c_3,c_11,c_3,0.9345,0.21426602,model_2881
episode_3054,c_10,c_10,c_9,m_2,0.9737,0.080861084,model_2882
episode_3055,c_11,c_8,c_5,c_1,0.971,0.085026495,model_2526
episode_3056,c_1,m_3,c_5,c_1,0.9217,0.26006877,model_2883
episode_3057,c_5,c_6,c_6,m_2,0.9693,0.091153264,model_2884
episode_3058,c_2,c_8,c_5,c_1,0.9724,0.089066684,model_2885
episode_3059,c_10,c_9,c_5,m_1,0.9715,0.08909245,model_2886
episode_3060,m_3,c_3,c_5,s,0.846,0.49506894,model_2887
episode_3061,c_5,c_9,c_5,m_3,0.9722,0.08660052,model_2888
episode_3062,c_5,c_6,c_5,c_4,0.9726,0.08604424,model_2889
episode_3063,c_4,c_8,c_5,c_1,0.9748,0.07962847,model_2890
episode_3064,c_8,c_8,c_2,c_1,0.9738,0.0837577,model_2891
episode_3065,c_5,c_6,c_9,c_1,0.9735,0.08227613,model_2892
episode_3066,c_10,c_8,c_5,c_1,0.9725,0.08759643,model_2773
episode_3067,c_5,c_8,c_5,c_1,0.9712,0.08880612,model_2183
episode_3068,c_6,c_5,c_5,c_9,0.9724,0.085840255,model_2893
episode_3069,c_5,c_8,c_5,c_3,0.974,0.08294911,model_2600
episode_3070,c_1,c_8,c_3,c_7,0.9735,0.0824218,model_2894
episode_3071,c_7,c_8,c_5,c_1,0.9749,0.07987883,model_2895
episode_3072,c_7,c_8,c_6,s,0.9729,0.08516996,model_2896
episode_3073,s,-,-,-,0.9111,0.328965,model_431
episode_3074,c_5,c_3,c_5,c_1,0.9755,0.08051262,model_2760
episode_3075,c_3,c_11,c_8,c_1,0.9743,0.081837356,model_2897
episode_3076,m_3,m_2,c_5,c_1,0.525,1.4692415,model_2898
episode_3077,c_5,c_4,c_5,c_9,0.9727,0.083115816,model_2899
episode_3078,m_1,c_11,c_5,m_2,0.932,0.21622342,model_2900
episode_3079,m_1,c_2,c_5,c_1,0.9357,0.20972636,model_2501
episode_3080,c_1,c_8,c_1,c_1,0.974,0.080171004,model_2901
episode_3081,c_8,c_8,c_9,m_2,0.9754,0.08063229,model_2496
episode_3082,c_11,c_11,c_6,m_3,0.9733,0.08281763,model_2902
episode_3083,c_5,c_8,c_5,c_1,0.9712,0.08880612,model_2183
episode_3084,c_5,m_1,c_2,m_2,0.9672,0.108546354,model_383
episode_3085,c_5,c_4,c_11,c_1,0.9753,0.08202037,model_2903
episode_3086,c_11,c_3,c_5,c_8,0.9726,0.08288769,model_2904
episode_3087,c_5,c_8,s,-,0.9775,0.07043471,model_649
episode_3088,c_12,c_2,c_5,m_1,0.9729,0.08137729,model_2905
episode_3089,c_5,c_8,c_5,c_1,0.9712,0.08880612,model_2183
episode_3090,c_5,c_8,c_7,c_9,0.9746,0.07826897,model_2906
episode_3091,c_5,c_8,c_5,c_4,0.973,0.08671673,model_2907
episode_3092,c_3,c_8,c_5,c_7,0.9719,0.093279906,model_2908
episode_3093,c_4,c_9,c_6,c_9,0.9731,0.08580705,model_2909
episode_3094,c_5,c_9,c_5,c_1,0.9727,0.08658072,model_2693
episode_3095,c_5,c_6,c_5,c_3,0.9728,0.08294725,model_2910
episode_3096,c_5,c_8,c_1,m_1,0.9742,0.08155948,model_2911
episode_3097,s,-,-,-,0.9111,0.328965,model_431
episode_3098,c_5,c_8,c_5,c_6,0.9802,0.059801523,model_911
episode_3099,c_5,s,-,-,0.9443,0.1945998,model_2038
episode_3100,c_12,c_8,m_1,m_2,0.9609,0.13304354,model_2912
episode_3101,c_11,c_8,c_5,c_1,0.971,0.085026495,model_2526
episode_3102,m_1,c_6,c_5,c_1,0.9334,0.21601315,model_2913
episode_3103,c_7,c_8,c_10,c_1,0.9746,0.08064263,model_2914
episode_3104,c_8,c_8,c_5,c_4,0.9729,0.083483875,model_2915
episode_3105,c_5,c_8,c_5,c_1,0.9712,0.08880612,model_2183
episode_3106,c_5,c_8,c_9,c_5,0.9739,0.08659992,model_2916
episode_3107,c_5,c_8,c_5,m_3,0.973,0.08253687,model_2386
episode_3108,c_5,c_8,c_10,c_1,0.9734,0.084087804,model_2457
episode_3109,c_5,s,-,-,0.9443,0.1945998,model_2038
episode_3110,c_5,c_8,c_5,m_1,0.9725,0.08584411,model_2917
episode_3111,c_8,m_3,c_8,m_3,0.9466,0.1822137,model_2918
episode_3112,c_5,c_2,c_5,c_9,0.9797,0.05933613,model_1463
episode_3113,c_5,m_2,c_5,m_3,0.9671,0.11289768,model_228
episode_3114,c_8,c_7,c_9,c_1,0.9803,0.060863428,model_169
episode_3115,m_1,c_8,c_5,c_1,0.9352,0.20951496,model_2919
episode_3116,c_3,c_10,c_5,c_5,0.9716,0.08493679,model_2920
episode_3117,m_3,c_6,c_9,c_1,0.8591,0.45545447,model_2921
episode_3118,c_5,c_8,c_10,c_3,0.9743,0.08326211,model_2922
episode_3119,c_8,c_8,m_2,c_1,0.9641,0.12696825,model_2923
episode_3120,c_5,c_7,c_5,c_1,0.974,0.08260482,model_2924
episode_3121,c_4,c_7,c_5,m_3,0.9746,0.08272491,model_2925
episode_3122,c_6,c_8,c_5,c_10,0.9737,0.0817873,model_2926
episode_3123,c_5,c_6,c_7,c_1,0.9736,0.08344325,model_2927
episode_3124,c_1,c_11,c_6,c_1,0.9741,0.08170097,model_2928
episode_3125,c_11,c_8,m_3,c_1,0.9616,0.13282666,model_2929
episode_3126,c_12,c_8,c_5,c_5,0.9716,0.08843589,model_2930
episode_3127,c_11,c_8,c_3,c_1,0.9732,0.08444867,model_2931
episode_3128,c_5,c_7,c_5,c_12,0.9735,0.08136452,model_2932
episode_3129,c_5,c_8,c_9,m_1,0.9718,0.08468272,model_2933
episode_3130,c_6,c_8,c_5,c_8,0.9715,0.08954362,model_2934
episode_3131,c_5,c_8,c_7,c_1,0.9723,0.0855919,model_2935
episode_3132,c_2,c_8,c_10,c_7,0.9738,0.07971636,model_2936
episode_3133,c_5,c_10,c_5,m_1,0.9729,0.08530301,model_2937
episode_3134,c_5,c_5,c_5,c_1,0.9728,0.08555476,model_2716
episode_3135,m_1,c_11,c_2,c_1,0.9383,0.2103507,model_2938
episode_3136,c_3,c_8,c_4,c_9,0.9714,0.086870015,model_2939
episode_3137,c_5,c_8,c_2,c_3,0.9732,0.08379244,model_2940
episode_3138,c_5,c_8,c_11,c_1,0.9735,0.08188966,model_2941
episode_3139,c_12,c_8,c_12,c_1,0.9727,0.0840295,model_2477
episode_3140,c_5,c_8,c_8,c_1,0.9734,0.08298143,model_2624
episode_3141,c_5,m_3,c_5,s,0.9485,0.17369978,model_2402
episode_3142,c_1,m_3,c_5,m_1,0.9296,0.23645969,model_2942
episode_3143,c_4,m_1,m_1,c_1,0.8944,0.37634042,model_2943
episode_3144,c_5,c_8,c_5,c_9,0.9747,0.07929097,model_2944
episode_3145,c_9,m_2,c_3,c_9,0.9564,0.14790577,model_2945
episode_3146,c_6,c_12,c_5,c_1,0.9708,0.089061946,model_2946
episode_3147,c_5,c_8,c_5,c_1,0.9712,0.08880612,model_2183
episode_3148,c_5,c_6,c_5,c_1,0.9721,0.08373609,model_2228
episode_3149,c_1,c_8,c_4,c_3,0.9749,0.08051356,model_2947
episode_3150,s,-,-,-,0.9111,0.328965,model_431
episode_3151,c_5,m_1,c_11,c_1,0.9523,0.1617705,model_2948
episode_3152,c_8,c_8,c_6,c_5,0.9727,0.0826786,model_2949
episode_3153,c_7,c_8,c_6,c_1,0.9738,0.08059336,model_2950
episode_3154,c_12,c_8,c_5,c_1,0.9727,0.08203451,model_2271
episode_3155,c_5,c_2,m_1,m_2,0.9624,0.1336272,model_2951
episode_3156,c_5,c_8,s,-,0.9775,0.07043471,model_649
episode_3157,c_5,c_8,c_5,c_11,0.98,0.062338933,model_244
episode_3158,c_11,c_8,c_12,c_1,0.9806,0.0593762,model_1065
episode_3159,c_1,c_11,s,-,0.9687,0.10807309,model_2952
episode_3160,c_11,c_4,c_1,c_4,0.9741,0.08408357,model_2953
episode_3161,c_5,c_8,c_10,c_1,0.9734,0.084087804,model_2457
episode_3162,c_5,c_8,c_8,m_2,0.9731,0.082293876,model_2954
episode_3163,c_10,m_2,s,-,0.948,0.18090208,model_1460
episode_3164,c_8,c_8,c_3,c_1,0.9744,0.079679854,model_2955
episode_3165,c_5,c_8,c_5,c_1,0.9712,0.08880612,model_2183
episode_3166,c_6,c_8,c_5,c_1,0.9734,0.08131811,model_2074
episode_3167,m_2,c_8,c_12,c_1,0.9343,0.21654359,model_2956
episode_3168,c_1,c_8,c_8,c_1,0.9751,0.08098069,model_2957
episode_3169,c_7,c_7,c_4,m_3,0.9739,0.08121553,model_2958
episode_3170,c_5,c_9,c_5,c_1,0.9727,0.08658072,model_2693
episode_3171,c_5,c_8,c_12,m_2,0.975,0.0804635,model_2959
episode_3172,c_5,c_9,c_5,c_1,0.9727,0.08658072,model_2693
episode_3173,s,-,-,-,0.9111,0.328965,model_431
episode_3174,c_5,m_1,m_2,c_1,0.9326,0.25834855,model_2960
episode_3175,c_5,c_8,c_5,c_1,0.9712,0.08880612,model_2183
episode_3176,c_5,m_2,c_5,c_1,0.9526,0.15858956,model_2961
episode_3177,m_1,c_8,m_2,c_1,0.9218,0.30934384,model_2962
episode_3178,c_4,c_11,c_5,c_3,0.9726,0.0877757,model_2963
episode_3179,c_5,c_8,c_5,m_3,0.973,0.08253687,model_2386
episode_3180,m_1,c_9,c_5,s,0.9348,0.21425875,model_2964
episode_3181,c_2,c_8,m_1,c_1,0.961,0.1328756,model_2700
episode_3182,c_5,c_1,c_5,c_12,0.9739,0.08284754,model_2562
episode_3183,c_6,c_1,c_6,c_1,0.9723,0.08376092,model_2965
episode_3184,c_5,c_3,c_5,c_1,0.9755,0.08051262,model_2760
episode_3185,c_3,s,-,-,0.9638,0.12899147,model_1395
episode_3185,c_3,s,-,-,0.9637,0.12989098,model_1630
episode_3186,c_5,c_8,c_1,c_12,0.9743,0.08418781,model_2966
episode_3187,c_5,c_8,c_12,c_9,0.974,0.08297159,model_2967
episode_3188,c_5,c_4,m_1,m_3,0.9583,0.14178546,model_2968
episode_3189,c_5,c_10,c_1,s,0.974,0.08373997,model_2969
episode_3190,c_4,c_8,c_5,c_4,0.9739,0.08348277,model_2970
episode_3191,c_5,s,-,-,0.9443,0.1945998,model_2038
episode_3192,c_7,c_8,c_5,c_8,0.9748,0.08064191,model_2971
episode_3193,c_6,c_8,c_5,c_1,0.9734,0.08131811,model_2074
episode_3194,c_5,c_8,c_5,c_1,0.9712,0.08880612,model_2183
episode_3195,c_6,c_7,c_5,m_3,0.9722,0.08486725,model_2972
episode_3196,c_5,c_10,c_5,c_1,0.9737,0.08258713,model_2569
episode_3197,c_5,c_10,c_5,c_1,0.9737,0.08258713,model_2569
episode_3198,c_11,c_5,c_8,c_1,0.9739,0.08325161,model_2973
episode_3199,c_10,c_8,c_5,c_7,0.9742,0.07958522,model_2974
episode_3200,c_4,c_5,c_2,c_1,0.9751,0.079367995,model_2975
episode_3201,c_5,c_8,c_5,c_1,0.9712,0.08880612,model_2183
episode_3202,c_7,c_5,c_10,c_1,0.9748,0.07962991,model_2976
episode_3203,c_5,c_7,c_6,c_1,0.9722,0.08763058,model_2861
episode_3204,c_5,c_5,c_2,c_1,0.9729,0.085229196,model_2977
episode_3205,c_6,c_1,c_4,c_10,0.9738,0.082392074,model_2978
episode_3206,c_5,c_9,c_1,c_12,0.9738,0.08470255,model_2979
episode_3207,c_12,c_4,c_6,c_4,0.9717,0.08951766,model_2980
episode_3208,c_5,c_5,c_11,c_6,0.9725,0.084654935,model_2981
episode_3209,c_2,c_8,m_1,c_8,0.9589,0.13806932,model_2982
episode_3210,m_3,c_5,c_1,c_1,0.8531,0.47012368,model_2983
episode_3211,c_11,c_8,c_10,c_12,0.9748,0.07751536,model_2984
episode_3212,c_5,c_8,c_5,c_6,0.9802,0.059801523,model_911
episode_3213,s,-,-,-,0.9111,0.328965,model_431
episode_3214,c_9,c_2,m_1,c_7,0.9599,0.13882774,model_2985
episode_3215,s,-,-,-,0.9111,0.328965,model_431
episode_3216,c_8,c_8,c_5,c_10,0.9734,0.08468941,model_2986
episode_3217,c_7,c_8,m_2,c_11,0.9606,0.13388471,model_2987
episode_3218,c_5,c_12,c_5,s,0.9734,0.08105165,model_2988
episode_3219,c_10,c_8,c_5,c_1,0.9725,0.08759643,model_2773
episode_3220,c_5,c_8,m_3,c_1,0.9664,0.11130446,model_2539
episode_3221,c_12,c_8,c_5,m_2,0.9735,0.08414339,model_2452
episode_3222,c_5,c_8,c_5,c_5,0.9734,0.08246065,model_2468
episode_3223,c_11,c_8,c_5,c_1,0.971,0.085026495,model_2526
episode_3224,c_4,c_8,c_7,c_11,0.9738,0.08172612,model_2989
episode_3225,c_6,s,-,-,0.9632,0.12855202,model_53
episode_3225,c_6,s,-,-,0.9631,0.12906559,model_1281
episode_3225,c_6,s,-,-,0.9626,0.1315919,model_1743
episode_3226,c_1,c_11,c_10,m_2,0.9749,0.08207371,model_2990
episode_3227,c_12,c_12,c_8,c_1,0.9731,0.084618464,model_2991
episode_3228,c_5,m_2,c_5,c_1,0.9526,0.15858956,model_2961
episode_3229,c_5,c_8,c_5,c_1,0.9712,0.08880612,model_2183
episode_3230,m_2,c_8,c_9,c_7,0.9323,0.2196155,model_2992
episode_3231,c_9,c_8,c_5,c_1,0.9716,0.08695242,model_2993
episode_3232,c_8,m_3,c_5,c_1,0.9409,0.19819005,model_2994
episode_3233,c_6,c_8,m_2,m_1,0.9624,0.1271714,model_2995
episode_3234,c_3,c_8,c_12,c_1,0.9727,0.083215326,model_2996
episode_3235,c_2,c_10,c_5,c_1,0.974,0.082329325,model_2997
episode_3236,c_5,c_8,c_8,c_9,0.9735,0.07942876,model_2998
episode_3237,c_5,c_8,c_5,c_1,0.9712,0.08880612,model_2183
episode_3238,c_5,c_7,m_3,c_1,0.9572,0.14592105,model_2999
episode_3239,c_6,c_8,c_10,c_12,0.9733,0.08173019,model_3000
episode_3240,m_3,m_2,c_5,c_1,0.525,1.4692415,model_2898
episode_3241,c_5,c_4,c_2,c_1,0.9729,0.08809617,model_3001
episode_3242,c_5,c_8,c_5,c_4,0.973,0.08671673,model_2907
episode_3243,c_5,c_8,c_5,c_1,0.9712,0.08880612,model_2183
episode_3244,c_5,c_8,m_3,c_1,0.9664,0.11130446,model_2539
episode_3245,c_5,c_8,c_5,c_11,0.98,0.062338933,model_244
episode_3246,c_5,c_1,m_3,c_1,0.949,0.17274638,model_3002
episode_3247,c_5,c_8,m_1,c_1,0.9608,0.13567477,model_2866
episode_3248,c_5,c_8,c_5,c_1,0.9712,0.08880612,model_2183
episode_3249,c_5,c_8,c_3,c_1,0.9725,0.08625948,model_2672
episode_3250,c_12,c_8,c_5,s,0.9727,0.08334963,model_3003
episode_3251,c_5,c_8,c_5,c_1,0.9712,0.08880612,model_2183
episode_3252,c_5,c_1,c_1,c_1,0.9722,0.088440396,model_3004
episode_3253,c_1,c_8,c_5,c_1,0.9746,0.08306118,model_3005
episode_3254,c_5,c_1,c_10,c_1,0.9728,0.08143151,model_3006
episode_3255,c_5,c_8,c_5,c_8,0.9755,0.0773185,model_2612
episode_3256,m_2,c_8,c_1,c_1,0.9287,0.22904271,model_3007
episode_3257,c_1,m_1,c_3,c_1,0.9509,0.1693621,model_3008
episode_3258,c_5,c_8,c_5,c_1,0.9712,0.08880612,model_2183
episode_3259,c_5,c_8,m_3,c_1,0.9664,0.11130446,model_2539
episode_3260,c_4,c_8,c_5,c_3,0.9737,0.08404157,model_3009
episode_3261,c_1,c_8,c_5,s,0.973,0.084739484,model_3010
episode_3262,c_5,c_4,c_5,c_1,0.975,0.08149751,model_2337
episode_3263,m_2,c_4,c_5,m_1,0.9333,0.21860217,model_3011
episode_3264,c_8,c_8,c_4,c_1,0.9723,0.08669483,model_3012
episode_3265,c_10,c_8,m_2,c_11,0.9604,0.13510986,model_3013
episode_3266,c_5,c_8,c_5,c_7,0.9729,0.08528948,model_2581
episode_3267,c_7,c_12,c_5,m_2,0.9747,0.08125565,model_3014
episode_3268,c_5,c_8,c_5,c_7,0.9729,0.08528948,model_2581
episode_3269,s,-,-,-,0.9111,0.328965,model_431
episode_3270,m_1,c_8,c_5,c_1,0.9352,0.20951496,model_2919
episode_3271,c_2,c_8,s,-,0.9775,0.072607726,model_311
episode_3272,c_5,c_8,c_5,c_1,0.9712,0.08880612,model_2183
episode_3273,c_5,c_3,c_5,c_3,0.9718,0.08560701,model_2532
episode_3274,c_12,c_8,c_5,c_1,0.9727,0.08203451,model_2271
episode_3275,c_5,c_8,m_1,m_1,0.9613,0.13468912,model_3015
episode_3276,c_6,c_8,c_5,c_8,0.9715,0.08954362,model_2934
episode_3277,c_11,c_8,c_5,c_6,0.9742,0.08245523,model_2133
episode_3278,c_5,c_8,c_7,c_1,0.9723,0.0855919,model_2935
episode_3279,c_5,c_8,s,-,0.9775,0.07043471,model_649
episode_3280,c_5,c_3,c_5,c_1,0.9755,0.08051262,model_2760
episode_3281,c_4,c_8,c_10,c_1,0.9755,0.07749562,model_3016
episode_3282,m_1,c_8,c_5,c_1,0.9352,0.20951496,model_2919
episode_3283,c_12,c_8,c_5,c_1,0.9727,0.08203451,model_2271
episode_3284,c_5,c_8,s,-,0.9775,0.07043471,model_649
episode_3285,c_5,c_8,c_5,c_1,0.9712,0.08880612,model_2183
episode_3286,c_5,c_8,c_5,c_1,0.9712,0.08880612,model_2183
episode_3287,c_5,c_8,c_3,c_6,0.9735,0.08394934,model_2487
episode_3288,c_5,m_2,c_5,c_1,0.9526,0.15858956,model_2961
episode_3289,c_3,c_8,m_2,c_9,0.9617,0.12983496,model_3017
episode_3290,c_10,c_8,c_4,c_5,0.9753,0.08125198,model_3018
episode_3291,c_5,c_8,c_5,c_11,0.98,0.062338933,model_244
episode_3292,m_2,c_5,m_2,c_7,0.91,0.3270075,model_3019
episode_3293,c_5,c_8,c_5,c_1,0.9712,0.08880612,model_2183
episode_3294,c_4,c_8,c_5,c_1,0.9748,0.07962847,model_2890
episode_3295,c_12,c_6,c_4,c_1,0.9729,0.08937554,model_3020
episode_3296,c_5,c_8,c_5,c_5,0.9734,0.08246065,model_2468
episode_3297,c_4,c_8,c_5,c_1,0.9748,0.07962847,model_2890
episode_3298,m_3,c_8,c_5,s,0.8566,0.45629424,model_2697
episode_3299,m_3,c_11,c_3,m_1,0.8604,0.4532185,model_3021
episode_3300,m_2,c_5,c_5,c_4,0.9306,0.2285023,model_3022
episode_3301,c_10,c_8,c_11,c_1,0.9723,0.08537032,model_3023
episode_3302,c_2,c_8,c_5,c_1,0.9724,0.089066684,model_2885
episode_3303,m_2,c_8,c_5,c_1,0.933,0.22119191,model_3024
episode_3304,c_5,c_6,s,-,0.9779,0.07086312,model_1002
episode_3305,c_5,c_8,m_1,c_7,0.961,0.13400123,model_2565
episode_3306,c_6,c_8,c_5,c_6,0.9722,0.08849588,model_3025
episode_3307,c_5,c_4,c_5,m_3,0.973,0.086369105,model_2081
episode_3308,c_5,c_2,c_5,c_1,0.9816,0.05907004,model_1997
episode_3309,c_5,c_8,c_5,c_9,0.9747,0.07929097,model_2944
episode_3310,c_2,c_8,c_5,c_1,0.9724,0.089066684,model_2885
episode_3311,c_10,c_8,c_5,c_1,0.9725,0.08759643,model_2773
episode_3312,c_5,c_8,c_7,c_1,0.9723,0.0855919,model_2935
episode_3313,c_7,c_5,c_5,c_1,0.9743,0.08235364,model_3026
episode_3314,c_5,c_7,c_5,c_1,0.974,0.08260482,model_2924
episode_3315,c_5,c_5,c_5,c_1,0.9728,0.08555476,model_2716
episode_3316,c_5,c_8,c_5,c_1,0.9712,0.08880612,model_2183
episode_3317,c_5,c_10,c_8,c_3,0.9733,0.08592672,model_3027
episode_3318,c_5,c_8,c_5,c_1,0.9712,0.08880612,model_2183
episode_3319,c_5,c_8,c_5,c_1,0.9712,0.08880612,model_2183
episode_3320,c_6,c_8,c_5,c_7,0.9723,0.0877499,model_3028
episode_3321,c_7,c_2,c_8,c_1,0.9735,0.085061595,model_3029
episode_3322,c_5,c_2,c_5,c_1,0.9816,0.05907004,model_1997
episode_3323,c_6,m_1,c_5,c_1,0.9512,0.16121079,model_3030
episode_3324,c_11,m_2,c_5,c_1,0.9491,0.16915804,model_2358
episode_3325,c_5,c_2,c_5,c_9,0.9797,0.05933613,model_1463
episode_3326,c_5,m_2,c_5,c_1,0.9526,0.15858956,model_2961
episode_3327,c_5,c_8,m_1,c_1,0.9608,0.13567477,model_2866
episode_3328,c_5,c_9,c_3,c_1,0.9749,0.08282863,model_3031
episode_3329,c_9,c_8,c_4,c_1,0.9735,0.085495204,model_3032
episode_3330,c_5,c_8,c_5,s,0.9741,0.0812798,model_2767
episode_3331,c_5,c_8,c_5,c_1,0.9712,0.08880612,model_2183
episode_3332,c_5,c_8,m_2,c_1,0.9725,0.084364444,model_1092
episode_3333,c_1,c_2,c_4,c_5,0.9729,0.08368506,model_3033
episode_3334,c_5,c_8,c_1,c_7,0.9732,0.085794374,model_3034
episode_3335,m_2,c_8,c_6,c_1,0.9331,0.22411413,model_3035
episode_3336,s,-,-,-,0.9111,0.328965,model_431
episode_3337,c_3,c_8,c_5,c_3,0.9722,0.08331451,model_3036
episode_3338,c_5,c_8,c_5,c_1,0.9712,0.08880612,model_2183
episode_3339,c_5,c_8,c_5,c_1,0.9712,0.08880612,model_2183
episode_3340,c_1,c_8,c_5,c_3,0.9721,0.084431425,model_3037
episode_3341,c_9,c_8,c_5,c_1,0.9716,0.08695242,model_2993
episode_3342,c_5,c_11,m_2,m_3,0.9621,0.12868586,model_3038
episode_3343,c_5,c_8,c_6,c_11,0.975,0.08154595,model_3039
episode_3344,c_5,c_8,c_5,c_1,0.9712,0.08880612,model_2183
episode_3345,c_6,c_8,c_5,c_1,0.9734,0.08131811,model_2074
episode_3346,c_8,c_8,c_5,c_1,0.9735,0.084072776,model_3040
episode_3347,c_5,c_8,c_5,c_4,0.973,0.08671673,model_2907
episode_3348,c_5,c_8,c_5,c_1,0.9712,0.08880612,model_2183
episode_3349,c_5,c_8,c_5,c_4,0.973,0.08671673,model_2907
episode_3350,s,-,-,-,0.9111,0.328965,model_431
episode_3351,c_5,c_8,c_5,m_1,0.9725,0.08584411,model_2917
episode_3352,c_5,c_8,c_12,c_1,0.9725,0.084996775,model_3041
episode_3353,c_6,c_8,c_5,c_6,0.9722,0.08849588,model_3025
episode_3354,c_5,c_5,c_5,c_1,0.9728,0.08555476,model_2716
episode_3355,c_5,c_8,c_5,c_1,0.9712,0.08880612,model_2183
episode_3356,c_10,c_3,c_5,c_1,0.9727,0.08327919,model_2572
episode_3357,c_5,c_8,c_5,c_1,0.9712,0.08880612,model_2183
episode_3358,c_9,c_12,c_3,c_1,0.9727,0.08787311,model_3042
episode_3359,c_5,c_12,c_1,c_1,0.9735,0.08561908,model_3043
episode_3360,c_5,c_8,c_5,c_1,0.9712,0.08880612,model_2183
episode_3361,c_5,c_4,c_5,c_4,0.9709,0.085983515,model_3044
episode_3362,c_5,c_8,c_5,c_1,0.9712,0.08880612,model_2183
episode_3363,c_5,c_8,c_5,c_1,0.9712,0.08880612,model_2183
episode_3364,c_5,c_8,c_5,m_1,0.9725,0.08584411,model_2917
episode_3365,c_5,c_8,c_5,c_1,0.9712,0.08880612,model_2183
episode_3366,c_3,c_8,c_5,s,0.9761,0.072255306,model_496
episode_3367,c_9,c_8,c_5,c_1,0.9716,0.08695242,model_2993
episode_3368,c_9,c_4,c_5,c_1,0.9725,0.08153914,model_3045
episode_3369,c_6,c_8,c_5,c_1,0.9734,0.08131811,model_2074
episode_3370,c_5,c_8,c_5,c_4,0.973,0.08671673,model_2907
episode_3371,c_5,c_8,c_5,c_1,0.9712,0.08880612,model_2183
episode_3372,c_3,c_4,c_5,c_1,0.9736,0.08163227,model_3046
episode_3373,s,-,-,-,0.9111,0.328965,model_431
episode_3374,m_2,c_8,c_5,m_3,0.9321,0.22180374,model_3047
episode_3375,m_3,c_8,c_5,c_1,0.8585,0.453345,model_3048
episode_3376,c_7,c_8,c_5,c_1,0.9749,0.07987883,model_2895
episode_3377,c_5,c_8,m_1,c_9,0.9611,0.13226277,model_3049
episode_3378,c_5,c_8,s,-,0.9775,0.07043471,model_649
episode_3379,c_5,c_7,s,-,0.9758,0.07535529,model_248
episode_3379,c_5,c_7,s,-,0.9771,0.07350419,model_1474
episode_3380,c_5,c_8,c_5,c_8,0.9755,0.0773185,model_2612
episode_3381,m_1,c_5,c_10,c_1,0.9353,0.21883762,model_3050
episode_3382,c_5,c_6,c_5,c_1,0.9721,0.08373609,model_2228
episode_3383,c_9,c_4,c_5,c_1,0.9725,0.08153914,model_3045
episode_3384,c_6,c_8,c_2,c_1,0.9728,0.08420267,model_3051
episode_3385,c_5,c_2,m_2,c_1,0.9618,0.12848336,model_3052
episode_3386,c_1,c_12,c_5,c_1,0.9734,0.08399305,model_3053
episode_3387,c_5,c_8,c_6,c_1,0.9719,0.08369802,model_2698
episode_3388,c_5,c_8,c_5,c_5,0.9734,0.08246065,model_2468
episode_3389,m_1,c_8,c_5,c_1,0.9352,0.20951496,model_2919
episode_3390,c_7,c_8,c_5,c_1,0.9749,0.07987883,model_2895
episode_3391,s,-,-,-,0.9111,0.328965,model_431
episode_3392,c_5,c_8,c_5,c_1,0.9712,0.08880612,model_2183
episode_3393,c_2,c_8,c_5,m_2,0.9726,0.08354621,model_2111
episode_3394,c_5,c_8,c_5,c_5,0.9734,0.08246065,model_2468
episode_3395,c_5,c_8,c_5,c_8,0.9755,0.0773185,model_2612
episode_3396,c_5,c_8,c_11,c_9,0.9794,0.06671521,model_1053
episode_3397,c_5,c_10,c_9,c_1,0.9724,0.08489509,model_3054
episode_3398,m_1,c_8,c_5,c_1,0.9352,0.20951496,model_2919
episode_3399,c_5,c_8,c_5,s,0.9741,0.0812798,model_2767
episode_3400,c_5,c_2,c_5,c_1,0.9816,0.05907004,model_1997
episode_3401,c_1,c_8,c_5,c_12,0.9747,0.07866225,model_3055
episode_3402,c_5,c_4,c_5,c_1,0.975,0.08149751,model_2337
episode_3403,m_3,c_8,c_5,c_1,0.8585,0.453345,model_3048
episode_3404,c_5,c_8,c_4,m_1,0.9806,0.06074384,model_510
episode_3405,c_5,c_8,c_5,m_2,0.975,0.081764005,model_2500
episode_3406,c_5,m_2,s,-,0.9542,0.16090432,model_378
episode_3407,c_5,c_7,m_2,c_1,0.9591,0.13903421,model_2215
episode_3408,c_1,c_8,c_5,c_1,0.9746,0.08306118,model_3005
episode_3409,c_1,c_8,c_5,m_3,0.9752,0.07991862,model_2731
episode_3410,c_1,c_8,c_9,c_1,0.9754,0.08434249,model_2772
episode_3411,c_10,c_3,c_5,c_1,0.9727,0.08327919,model_2572
episode_3412,c_5,c_8,s,-,0.9775,0.07043471,model_649
episode_3413,c_5,c_6,c_3,c_5,0.9727,0.08529255,model_3056
episode_3414,c_5,c_8,c_5,c_1,0.9712,0.08880612,model_2183
episode_3415,c_5,c_9,c_4,c_1,0.9729,0.08547425,model_3057
episode_3416,c_12,c_8,c_6,c_1,0.9737,0.081400335,model_3058
episode_3417,c_5,c_8,c_1,c_10,0.9732,0.08308012,model_3059
episode_3418,c_5,c_8,c_5,c_11,0.98,0.062338933,model_244
episode_3419,c_5,c_8,c_6,c_3,0.9741,0.08227283,model_3060
episode_3420,c_5,c_8,c_5,c_11,0.98,0.062338933,model_244
episode_3421,c_5,c_8,c_9,c_8,0.9726,0.08721215,model_3061
episode_3422,c_5,c_8,c_6,c_1,0.9719,0.08369802,model_2698
episode_3423,c_8,c_8,c_8,c_7,0.9722,0.08330505,model_3062
episode_3424,c_5,c_8,c_5,c_1,0.9712,0.08880612,model_2183
episode_3425,c_5,c_8,c_2,c_1,0.9746,0.08094979,model_3063
episode_3426,c_5,c_8,c_9,c_1,0.9744,0.08566397,model_2606
episode_3427,c_5,c_10,c_5,c_4,0.9732,0.086776495,model_3064
episode_3428,c_5,c_9,c_4,c_1,0.9729,0.08547425,model_3057
episode_3429,c_5,c_8,c_5,c_1,0.9712,0.08880612,model_2183
episode_3430,c_5,c_8,c_5,c_1,0.9712,0.08880612,model_2183
episode_3431,c_5,c_8,c_7,c_1,0.9723,0.0855919,model_2935
episode_3432,m_1,c_10,s,-,0.9136,0.30476487,model_3065
episode_3433,c_5,c_8,c_5,c_1,0.9712,0.08880612,model_2183
episode_3434,c_5,c_8,c_5,c_1,0.9712,0.08880612,model_2183
episode_3435,c_12,c_8,c_1,c_1,0.9737,0.0819718,model_3066
episode_3436,c_5,c_8,c_5,c_11,0.98,0.062338933,model_244
episode_3437,c_5,c_8,c_12,c_4,0.9744,0.07924317,model_3067
episode_3438,c_5,c_7,c_7,c_1,0.9729,0.08301956,model_3068
episode_3439,c_9,c_8,c_5,c_1,0.9716,0.08695242,model_2993
episode_3440,c_4,c_8,c_5,m_2,0.9739,0.085233465,model_3069
episode_3441,c_5,c_8,c_5,m_1,0.9725,0.08584411,model_2917
episode_3442,c_5,c_8,c_11,m_2,0.974,0.08009006,model_3070
episode_3443,c_5,c_8,m_2,c_1,0.9725,0.084364444,model_1092
episode_3444,c_10,c_8,c_5,c_1,0.9725,0.08759643,model_2773
episode_3445,c_5,c_12,c_5,c_1,0.9803,0.06423552,model_221
episode_3446,c_7,c_8,c_5,c_1,0.9749,0.07987883,model_2895
episode_3447,c_5,m_2,c_5,c_1,0.9526,0.15858956,model_2961
episode_3448,c_8,c_8,c_5,c_1,0.9735,0.084072776,model_3040
episode_3449,c_5,m_2,c_5,c_1,0.9526,0.15858956,model_2961
episode_3450,m_1,c_10,c_5,c_1,0.9374,0.20523475,model_3071
episode_3451,c_11,c_4,c_5,c_7,0.9729,0.08357529,model_2684
episode_3452,c_5,c_8,c_5,m_1,0.9725,0.08584411,model_2917
episode_3453,c_5,c_8,c_5,c_1,0.9712,0.08880612,model_2183
episode_3454,c_5,c_8,c_7,c_1,0.9723,0.0855919,model_2935
episode_3455,c_3,m_3,c_5,c_1,0.9595,0.14050473,model_3072
episode_3456,c_4,c_8,c_8,c_1,0.9723,0.084797755,model_2752
episode_3457,c_5,c_8,c_5,c_11,0.98,0.062338933,model_244
episode_3458,c_5,c_8,c_8,s,0.9718,0.08593757,model_2443
episode_3459,c_5,c_8,c_11,c_11,0.9742,0.0800288,model_3073
episode_3460,c_5,c_8,c_4,c_1,0.9743,0.081218705,model_2792
episode_3461,c_5,m_3,c_5,c_1,0.9489,0.17320423,model_2651
episode_3462,c_5,c_8,c_5,c_1,0.9712,0.08880612,model_2183
episode_3463,c_5,c_8,c_5,c_1,0.9712,0.08880612,model_2183
episode_3464,c_5,c_8,c_5,c_1,0.9712,0.08880612,model_2183
episode_3465,c_5,c_8,c_3,m_1,0.9738,0.08255448,model_3074
episode_3466,c_9,c_8,c_5,c_1,0.9716,0.08695242,model_2993
episode_3467,c_1,c_8,c_5,c_1,0.9746,0.08306118,model_3005
episode_3468,c_5,c_8,c_5,c_12,0.9738,0.08269665,model_2704
episode_3469,c_5,c_8,s,-,0.9775,0.07043471,model_649
episode_3470,c_2,c_8,c_5,c_1,0.9724,0.089066684,model_2885
episode_3471,c_5,c_10,c_5,c_1,0.9737,0.08258713,model_2569
episode_3472,c_5,c_8,c_11,c_1,0.9735,0.08188966,model_2941
episode_3473,c_5,c_5,c_5,c_1,0.9728,0.08555476,model_2716
episode_3474,c_5,c_8,c_6,c_1,0.9719,0.08369802,model_2698
episode_3475,c_5,c_8,c_5,c_1,0.9712,0.08880612,model_2183
episode_3476,c_5,c_8,c_8,c_1,0.9734,0.08298143,model_2624
episode_3477,c_5,c_8,c_5,c_1,0.9712,0.08880612,model_2183
episode_3478,c_5,c_8,c_5,c_1,0.9712,0.08880612,model_2183
episode_3479,c_5,c_8,c_5,c_1,0.9712,0.08880612,model_2183
episode_3480,c_5,c_8,c_5,c_1,0.9712,0.08880612,model_2183
episode_3481,c_5,c_8,c_5,c_11,0.98,0.062338933,model_244
episode_3482,c_5,c_8,c_5,c_1,0.9712,0.08880612,model_2183
episode_3483,c_5,c_8,c_5,c_10,0.9715,0.08747891,model_3075
episode_3484,c_5,c_2,c_3,c_1,0.9729,0.08549201,model_3076
episode_3485,c_9,c_8,c_5,c_1,0.9716,0.08695242,model_2993
episode_3486,c_5,c_8,c_5,c_1,0.9712,0.08880612,model_2183
episode_3487,c_3,c_8,c_5,c_1,0.9725,0.08604784,model_2669
episode_3488,c_5,c_2,c_5,c_1,0.9816,0.05907004,model_1997
episode_3489,m_1,c_8,c_5,s,0.932,0.21995865,model_3077
episode_3490,c_5,c_8,c_5,c_1,0.9712,0.08880612,model_2183
episode_3491,c_5,s,-,-,0.9443,0.1945998,model_2038
episode_3492,c_5,s,-,-,0.9443,0.1945998,model_2038
episode_3493,c_5,c_4,c_5,m_2,0.9739,0.08189633,model_3078
episode_3494,c_5,c_12,c_5,c_1,0.9803,0.06423552,model_221
episode_3495,c_5,c_8,c_6,c_1,0.9719,0.08369802,model_2698
episode_3496,c_5,c_8,c_5,c_1,0.9712,0.08880612,model_2183
episode_3497,c_4,c_8,c_5,c_8,0.974,0.08316673,model_3079
episode_3498,c_5,c_8,c_7,c_1,0.9723,0.0855919,model_2935
episode_3499,c_11,c_8,c_5,c_1,0.971,0.085026495,model_2526
episode_3500,c_2,c_8,c_5,c_5,0.9724,0.086977184,model_2631
episode_3501,c_5,c_8,c_5,c_6,0.9802,0.059801523,model_911
episode_3502,c_5,c_8,c_5,c_1,0.9712,0.08880612,model_2183
episode_3503,c_5,c_8,c_12,c_1,0.9725,0.084996775,model_3041
episode_3504,c_5,c_8,c_5,c_1,0.9712,0.08880612,model_2183
episode_3505,c_5,c_8,c_5,c_1,0.9712,0.08880612,model_2183
episode_3506,c_5,c_8,c_5,c_1,0.9712,0.08880612,model_2183
episode_3507,c_5,c_8,c_4,c_1,0.9743,0.081218705,model_2792
episode_3508,c_5,c_9,c_5,c_1,0.9727,0.08658072,model_2693
episode_3509,c_5,c_8,c_5,c_1,0.9712,0.08880612,model_2183
episode_3510,c_5,c_8,m_1,c_1,0.9608,0.13567477,model_2866
episode_3511,c_5,c_12,c_5,c_6,0.9734,0.08596393,model_3080
episode_3512,c_5,c_8,c_5,c_1,0.9712,0.08880612,model_2183
episode_3513,m_3,c_8,m_3,c_3,0.7673,0.8459886,model_2841
episode_3514,c_5,c_8,c_3,c_1,0.9725,0.08625948,model_2672
episode_3515,c_5,c_4,c_5,c_1,0.975,0.08149751,model_2337
episode_3516,c_5,c_8,c_5,c_1,0.9712,0.08880612,model_2183
episode_3517,c_5,c_8,c_8,c_1,0.9734,0.08298143,model_2624
episode_3518,c_5,c_11,c_5,c_1,0.9818,0.06095364,model_1791
episode_3519,c_5,m_2,c_6,c_1,0.9483,0.1664791,model_3081
episode_3520,c_5,c_8,c_2,c_1,0.9746,0.08094979,model_3063
episode_3521,c_5,c_8,c_5,c_1,0.9712,0.08880612,model_2183
episode_3522,c_5,c_8,c_5,c_1,0.9712,0.08880612,model_2183
episode_3523,c_5,c_8,c_5,c_6,0.9802,0.059801523,model_911
episode_3524,m_3,c_8,c_5,c_1,0.8585,0.453345,model_3048
episode_3525,c_2,s,-,-,0.962,0.13089815,model_250
episode_3525,c_2,s,-,-,0.9618,0.1329981,model_1043
episode_3526,c_5,c_8,m_2,c_1,0.9725,0.084364444,model_1092
episode_3527,c_10,c_12,c_5,c_1,0.9732,0.08562361,model_3082
episode_3528,c_5,c_8,c_5,c_7,0.9729,0.08528948,model_2581
episode_3529,c_5,c_11,c_5,c_1,0.9818,0.06095364,model_1791
episode_3530,c_5,c_8,c_5,c_8,0.9755,0.0773185,model_2612
episode_3531,c_5,c_8,c_3,c_1,0.9725,0.08625948,model_2672
episode_3532,c_5,c_8,c_5,m_1,0.9725,0.08584411,model_2917
episode_3533,c_6,c_8,c_11,c_1,0.9729,0.08302503,model_3083
episode_3534,c_1,c_8,c_10,c_1,0.9743,0.08167686,model_2833
episode_3535,s,-,-,-,0.9111,0.328965,model_431
episode_3536,c_5,c_8,c_6,c_1,0.9719,0.08369802,model_2698
episode_3537,c_5,c_1,c_5,c_1,0.9736,0.08389966,model_2071
episode_3538,c_5,s,-,-,0.9443,0.1945998,model_2038
episode_3539,c_5,c_8,c_5,m_2,0.975,0.081764005,model_2500
episode_3540,m_3,c_8,c_5,m_1,0.8524,0.47385195,model_2797
episode_3541,c_5,c_8,c_5,c_1,0.9712,0.08880612,model_2183
episode_3542,c_5,c_8,c_5,c_1,0.9712,0.08880612,model_2183
episode_3543,c_5,c_12,c_5,c_1,0.9803,0.06423552,model_221
episode_3544,c_5,c_8,c_5,c_1,0.9712,0.08880612,model_2183
episode_3545,c_5,m_2,c_5,c_1,0.9526,0.15858956,model_2961
episode_3546,c_5,c_8,c_5,c_1,0.9712,0.08880612,model_2183
episode_3547,c_5,c_8,c_5,c_1,0.9712,0.08880612,model_2183
episode_3548,c_5,c_8,c_5,m_3,0.973,0.08253687,model_2386
episode_3549,c_5,m_1,c_9,c_1,0.9532,0.16047332,model_3084
episode_3550,c_5,c_8,c_5,c_4,0.973,0.08671673,model_2907
episode_3551,c_10,c_4,c_5,c_1,0.9732,0.08510572,model_3085
episode_3552,m_3,c_8,c_5,c_1,0.8585,0.453345,model_3048
episode_3553,c_5,c_8,c_5,c_1,0.9712,0.08880612,model_2183
episode_3554,c_5,c_8,c_5,c_1,0.9712,0.08880612,model_2183
episode_3555,m_2,c_11,c_5,c_1,0.9329,0.2224939,model_3086
episode_3556,c_5,c_8,c_9,c_1,0.9744,0.08566397,model_2606
episode_3557,c_5,c_3,c_5,m_1,0.9735,0.079688795,model_2856
episode_3558,c_5,c_8,c_5,c_1,0.9712,0.08880612,model_2183
episode_3559,c_9,c_8,c_5,c_1,0.9716,0.08695242,model_2993
episode_3560,c_5,m_3,c_5,c_1,0.9489,0.17320423,model_2651
episode_3561,c_2,c_8,c_11,c_8,0.9734,0.08555274,model_3087
episode_3562,c_5,c_8,c_5,c_1,0.9712,0.08880612,model_2183
episode_3563,c_2,c_12,c_5,c_1,0.9725,0.08737621,model_3088
episode_3564,c_5,c_3,c_7,m_3,0.9732,0.084497884,model_3089
episode_3565,c_2,c_6,c_5,c_1,0.9726,0.08271796,model_3090
episode_3566,c_5,c_6,c_3,c_1,0.9738,0.08017554,model_3091
episode_3567,c_5,c_8,c_2,c_1,0.9746,0.08094979,model_3063
episode_3568,c_5,c_8,c_5,m_2,0.975,0.081764005,model_2500
episode_3569,c_5,c_8,c_5,c_1,0.9712,0.08880612,model_2183
episode_3570,c_5,c_8,c_4,c_7,0.9738,0.08509296,model_3092
episode_3571,c_3,c_8,c_5,c_1,0.9725,0.08604784,model_2669
episode_3572,c_5,c_8,c_5,c_1,0.9712,0.08880612,model_2183
episode_3573,c_4,c_5,c_5,c_4,0.9728,0.08254187,model_3093
episode_3574,c_5,c_8,c_3,c_1,0.9725,0.08625948,model_2672
episode_3575,c_8,c_1,c_5,m_3,0.9722,0.08498855,model_3094
episode_3576,c_11,c_1,c_5,c_1,0.9732,0.08132636,model_3095
episode_3577,c_5,c_8,c_5,c_1,0.9712,0.08880612,model_2183
episode_3578,c_5,c_8,c_5,c_12,0.9738,0.08269665,model_2704
episode_3579,c_5,c_11,c_5,c_1,0.9818,0.06095364,model_1791
episode_3580,c_5,c_8,s,-,0.9775,0.07043471,model_649
episode_3581,s,-,-,-,0.9111,0.328965,model_431
episode_3582,c_5,c_8,c_5,c_1,0.9712,0.08880612,model_2183
episode_3583,c_5,c_8,c_6,c_1,0.9719,0.08369802,model_2698
episode_3584,c_5,c_8,c_5,m_1,0.9725,0.08584411,model_2917
episode_3585,c_5,c_8,c_5,c_2,0.9725,0.084801756,model_3096
episode_3586,m_1,c_8,c_5,c_1,0.9352,0.20951496,model_2919
episode_3587,c_5,c_8,c_5,c_1,0.9712,0.08880612,model_2183
episode_3588,c_5,c_11,c_5,c_1,0.9818,0.06095364,model_1791
episode_3589,c_10,m_1,c_5,c_10,0.9492,0.17388074,model_3097
episode_3590,m_3,c_8,c_9,c_1,0.8582,0.4575629,model_3098
episode_3591,c_5,c_8,c_5,c_5,0.9734,0.08246065,model_2468
episode_3592,c_5,c_8,c_5,c_1,0.9712,0.08880612,model_2183
episode_3593,c_5,c_8,c_5,c_1,0.9712,0.08880612,model_2183
episode_3594,c_5,c_8,c_5,c_1,0.9712,0.08880612,model_2183
episode_3595,c_5,c_8,c_5,c_7,0.9729,0.08528948,model_2581
episode_3596,c_5,c_8,c_5,c_2,0.9725,0.084801756,model_3096
episode_3597,c_5,c_8,c_5,c_1,0.9712,0.08880612,model_2183
episode_3598,c_5,c_8,c_5,c_3,0.974,0.08294911,model_2600
episode_3599,c_5,c_2,c_5,c_1,0.9816,0.05907004,model_1997
episode_3600,c_11,c_8,c_7,c_7,0.9754,0.079460174,model_3099
episode_3601,c_5,c_8,c_5,c_1,0.9712,0.08880612,model_2183
episode_3602,c_5,c_8,c_5,c_1,0.9712,0.08880612,model_2183
episode_3603,c_5,c_8,c_5,c_4,0.973,0.08671673,model_2907
episode_3604,c_5,c_8,c_5,c_1,0.9712,0.08880612,model_2183
episode_3605,m_2,c_2,c_5,c_1,0.9362,0.21957791,model_2782
episode_3606,c_5,c_8,m_2,c_1,0.9725,0.084364444,model_1092
episode_3607,c_5,c_8,c_5,c_1,0.9712,0.08880612,model_2183
episode_3608,c_5,m_1,c_5,c_1,0.9514,0.16680506,model_3100
episode_3609,c_5,c_8,m_2,c_1,0.9725,0.084364444,model_1092
episode_3610,c_5,c_8,c_11,c_1,0.9735,0.08188966,model_2941
episode_3611,c_5,c_8,c_5,c_1,0.9712,0.08880612,model_2183
episode_3612,c_5,c_8,c_5,c_1,0.9712,0.08880612,model_2183
episode_3613,c_5,m_3,c_1,c_1,0.9307,0.2225055,model_3101
episode_3614,c_1,c_8,c_7,c_1,0.9736,0.082067035,model_3102
episode_3615,c_5,c_5,c_5,c_1,0.9728,0.08555476,model_2716
episode_3616,c_5,c_8,c_5,c_1,0.9712,0.08880612,model_2183
episode_3617,c_5,c_8,c_5,c_1,0.9712,0.08880612,model_2183
episode_3618,c_5,c_8,c_5,c_9,0.9747,0.07929097,model_2944
episode_3619,c_5,c_8,c_5,m_1,0.9725,0.08584411,model_2917
episode_3620,c_5,c_8,c_5,c_1,0.9712,0.08880612,model_2183
episode_3621,c_6,c_8,c_5,c_1,0.9734,0.08131811,model_2074
episode_3622,c_5,c_8,c_5,c_1,0.9712,0.08880612,model_2183
episode_3623,c_5,c_8,c_5,c_1,0.9712,0.08880612,model_2183
episode_3624,c_11,c_8,c_5,c_1,0.971,0.085026495,model_2526
episode_3625,c_5,c_8,c_6,c_1,0.9719,0.08369802,model_2698
episode_3626,c_5,c_8,c_5,c_9,0.9747,0.07929097,model_2944
episode_3627,c_5,c_8,c_5,c_1,0.9712,0.08880612,model_2183
episode_3628,c_3,c_8,c_5,c_1,0.9725,0.08604784,model_2669
episode_3629,c_5,c_8,c_5,c_1,0.9712,0.08880612,model_2183
episode_3630,c_5,c_6,c_5,c_2,0.9722,0.086569905,model_2325
episode_3631,c_12,c_8,c_5,c_1,0.9727,0.08203451,model_2271
episode_3632,c_5,c_8,c_5,c_1,0.9712,0.08880612,model_2183
episode_3633,c_5,c_8,c_5,c_1,0.9712,0.08880612,model_2183
episode_3634,c_5,c_8,c_5,c_12,0.9738,0.08269665,model_2704
episode_3635,c_5,c_8,c_5,c_1,0.9712,0.08880612,model_2183
episode_3636,c_5,c_8,c_5,c_1,0.9712,0.08880612,model_2183
episode_3637,c_5,c_8,c_5,c_1,0.9712,0.08880612,model_2183
episode_3638,c_9,c_8,c_5,c_1,0.9716,0.08695242,model_2993
episode_3639,c_5,c_8,c_5,c_1,0.9712,0.08880612,model_2183
episode_3640,c_5,c_8,c_5,c_1,0.9712,0.08880612,model_2183
episode_3641,c_5,c_8,c_5,c_1,0.9712,0.08880612,model_2183
episode_3642,c_5,c_8,c_5,c_1,0.9712,0.08880612,model_2183
episode_3643,c_5,c_8,c_5,c_1,0.9712,0.08880612,model_2183
episode_3644,c_5,c_8,c_5,c_4,0.973,0.08671673,model_2907
episode_3645,c_1,c_3,c_5,c_1,0.973,0.081294104,model_3103
episode_3646,c_5,c_8,c_5,c_1,0.9712,0.08880612,model_2183
episode_3647,c_5,c_8,c_5,c_1,0.9712,0.08880612,model_2183
episode_3648,c_11,c_8,c_5,c_1,0.971,0.085026495,model_2526
episode_3649,c_5,c_8,c_5,c_1,0.9712,0.08880612,model_2183
episode_3650,c_5,c_4,c_5,c_1,0.975,0.08149751,model_2337
episode_3651,c_5,c_8,c_5,c_1,0.9712,0.08880612,model_2183
episode_3652,c_5,c_8,c_6,c_1,0.9719,0.08369802,model_2698
episode_3653,c_7,c_8,m_1,c_9,0.9592,0.14135695,model_3104
episode_3654,c_5,c_8,c_5,c_1,0.9712,0.08880612,model_2183
episode_3655,c_5,c_8,c_5,c_1,0.9712,0.08880612,model_2183
episode_3656,c_5,c_8,c_5,c_8,0.9755,0.0773185,model_2612
episode_3657,c_5,c_8,c_5,c_1,0.9712,0.08880612,model_2183
episode_3658,c_5,c_8,c_5,c_1,0.9712,0.08880612,model_2183
episode_3659,c_9,c_8,c_5,c_3,0.9722,0.085261725,model_2759
episode_3660,c_5,c_8,c_5,c_1,0.9712,0.08880612,model_2183
episode_3661,c_5,c_8,c_5,c_4,0.973,0.08671673,model_2907
episode_3662,c_9,c_8,c_5,c_1,0.9716,0.08695242,model_2993
episode_3663,c_5,c_8,c_5,c_1,0.9712,0.08880612,model_2183
episode_3664,c_5,c_8,c_5,c_1,0.9712,0.08880612,model_2183
episode_3665,c_3,c_8,c_5,c_1,0.9725,0.08604784,model_2669
episode_3666,c_5,c_8,c_5,c_1,0.9712,0.08880612,model_2183
episode_3667,c_5,c_8,c_5,c_1,0.9712,0.08880612,model_2183
episode_3668,c_5,c_8,c_5,c_1,0.9712,0.08880612,model_2183
episode_3669,c_4,c_8,c_5,c_1,0.9748,0.07962847,model_2890
episode_3670,c_5,c_8,c_5,c_1,0.9712,0.08880612,model_2183
episode_3671,c_5,c_8,c_5,c_1,0.9712,0.08880612,model_2183
episode_3672,c_5,c_8,c_6,c_1,0.9719,0.08369802,model_2698
episode_3673,c_5,c_8,c_5,c_1,0.9712,0.08880612,model_2183
episode_3674,c_5,c_8,c_5,c_3,0.974,0.08294911,model_2600
episode_3675,c_5,c_8,c_5,c_1,0.9712,0.08880612,model_2183
episode_3676,c_5,c_8,c_5,c_1,0.9712,0.08880612,model_2183
episode_3677,c_5,c_8,c_5,c_4,0.973,0.08671673,model_2907
episode_3678,c_5,c_8,c_5,c_1,0.9712,0.08880612,model_2183
episode_3679,c_5,c_8,c_2,c_1,0.9746,0.08094979,model_3063
episode_3680,c_5,c_8,c_5,m_2,0.975,0.081764005,model_2500
episode_3681,c_5,c_8,c_1,c_1,0.974,0.08139116,model_2251
episode_3682,c_5,c_8,c_3,c_3,0.9723,0.08456529,model_3105
episode_3683,c_5,c_8,c_5,c_1,0.9712,0.08880612,model_2183
episode_3684,c_5,c_8,c_5,c_1,0.9712,0.08880612,model_2183
episode_3685,c_5,c_8,c_5,c_1,0.9712,0.08880612,model_2183
episode_3686,c_5,c_8,c_5,c_1,0.9712,0.08880612,model_2183
episode_3687,c_5,c_8,c_5,c_1,0.9712,0.08880612,model_2183
episode_3688,c_5,c_8,c_5,c_12,0.9738,0.08269665,model_2704
episode_3689,c_4,c_8,c_1,c_1,0.974,0.08574168,model_3106
episode_3690,c_5,c_8,c_5,c_1,0.9712,0.08880612,model_2183
episode_3691,c_5,c_8,c_5,c_1,0.9712,0.08880612,model_2183
episode_3692,c_11,c_8,c_5,c_2,0.9715,0.08282113,model_3107
episode_3693,c_5,c_8,c_5,c_1,0.9712,0.08880612,model_2183
episode_3694,c_5,c_8,c_5,c_1,0.9712,0.08880612,model_2183
episode_3695,c_5,c_6,c_5,c_1,0.9721,0.08373609,model_2228
episode_3696,c_5,c_8,c_5,c_1,0.9712,0.08880612,model_2183
episode_3697,c_5,c_8,c_5,m_2,0.975,0.081764005,model_2500
episode_3698,c_5,c_12,c_5,c_2,0.9723,0.087094866,model_3108
episode_3699,c_5,c_8,c_5,c_1,0.9712,0.08880612,model_2183
episode_3700,c_5,c_4,c_5,c_1,0.975,0.08149751,model_2337
episode_3701,c_9,c_8,s,-,0.9754,0.07415268,model_499
episode_3702,c_5,c_8,c_5,c_1,0.9712,0.08880612,model_2183
episode_3703,c_5,c_8,c_5,c_1,0.9712,0.08880612,model_2183
episode_3704,c_5,c_8,c_5,c_1,0.9712,0.08880612,model_2183
episode_3705,c_5,c_8,c_5,c_1,0.9712,0.08880612,model_2183
episode_3706,c_5,c_8,c_5,c_1,0.9712,0.08880612,model_2183
episode_3707,c_11,c_8,c_5,c_1,0.971,0.085026495,model_2526
episode_3708,c_5,c_4,c_5,c_1,0.975,0.08149751,model_2337
episode_3709,c_5,c_8,c_5,c_1,0.9712,0.08880612,model_2183
episode_3710,c_4,c_8,c_5,c_1,0.9748,0.07962847,model_2890
episode_3711,m_1,c_8,c_5,c_1,0.9352,0.20951496,model_2919
episode_3712,c_5,c_8,c_5,c_11,0.98,0.062338933,model_244
episode_3713,c_5,c_7,c_5,c_1,0.974,0.08260482,model_2924
episode_3714,c_5,c_8,c_5,c_1,0.9712,0.08880612,model_2183
episode_3715,c_5,c_8,c_5,c_1,0.9712,0.08880612,model_2183
episode_3716,c_5,c_12,c_8,m_3,0.971,0.08835532,model_3109
episode_3717,c_5,c_8,c_5,c_1,0.9712,0.08880612,model_2183
episode_3718,c_5,c_8,c_5,m_2,0.975,0.081764005,model_2500
episode_3719,c_5,c_8,c_5,c_1,0.9712,0.08880612,model_2183
episode_3720,c_5,c_8,c_5,c_1,0.9712,0.08880612,model_2183
episode_3721,c_5,c_8,c_5,c_1,0.9712,0.08880612,model_2183
episode_3722,c_5,c_8,c_5,c_1,0.9712,0.08880612,model_2183
episode_3723,c_5,c_8,c_5,m_3,0.973,0.08253687,model_2386
episode_3724,c_5,c_8,c_5,c_1,0.9712,0.08880612,model_2183
episode_3725,c_5,c_8,c_5,c_1,0.9712,0.08880612,model_2183
episode_3726,c_5,c_8,c_5,m_2,0.975,0.081764005,model_2500
episode_3727,c_5,c_8,c_5,c_6,0.9802,0.059801523,model_911
episode_3728,c_5,m_1,c_5,c_1,0.9514,0.16680506,model_3100
episode_3729,c_5,c_8,c_5,c_1,0.9712,0.08880612,model_2183
episode_3730,c_5,c_8,c_5,c_1,0.9712,0.08880612,model_2183
episode_3731,c_1,c_8,c_5,c_1,0.9746,0.08306118,model_3005
episode_3732,c_5,c_8,c_5,c_1,0.9712,0.08880612,model_2183
episode_3733,c_5,c_8,c_5,c_7,0.9729,0.08528948,model_2581
episode_3734,m_1,c_8,c_5,c_1,0.9352,0.20951496,model_2919
episode_3735,c_5,c_8,c_5,c_1,0.9712,0.08880612,model_2183
episode_3736,c_5,c_8,c_1,c_1,0.974,0.08139116,model_2251
episode_3737,c_5,c_8,c_5,c_1,0.9712,0.08880612,model_2183
episode_3738,c_5,c_8,c_5,c_1,0.9712,0.08880612,model_2183
episode_3739,c_5,c_8,c_5,c_1,0.9712,0.08880612,model_2183
episode_3740,c_5,c_8,c_5,m_2,0.975,0.081764005,model_2500
episode_3741,c_5,c_5,c_2,c_1,0.9729,0.085229196,model_2977
episode_3742,c_5,c_8,c_5,c_1,0.9712,0.08880612,model_2183
episode_3743,c_5,c_8,c_5,c_1,0.9712,0.08880612,model_2183
episode_3744,c_5,c_8,c_5,c_1,0.9712,0.08880612,model_2183
episode_3745,c_5,c_8,c_11,c_1,0.9735,0.08188966,model_2941
episode_3746,c_5,c_8,c_10,c_1,0.9734,0.084087804,model_2457
episode_3747,c_5,c_8,c_5,c_1,0.9712,0.08880612,model_2183
episode_3748,c_11,c_8,c_5,c_1,0.971,0.085026495,model_2526
episode_3749,c_5,s,-,-,0.9443,0.1945998,model_2038
episode_3750,c_5,c_8,c_5,c_1,0.9712,0.08880612,model_2183
episode_3751,c_5,c_8,c_5,c_1,0.9712,0.08880612,model_2183
episode_3752,c_5,c_8,c_5,c_1,0.9712,0.08880612,model_2183
episode_3753,c_5,c_8,c_5,c_1,0.9712,0.08880612,model_2183
episode_3754,c_5,c_8,c_6,c_1,0.9719,0.08369802,model_2698
episode_3755,c_5,c_8,m_2,c_1,0.9725,0.084364444,model_1092
episode_3756,c_5,c_8,c_5,c_1,0.9712,0.08880612,model_2183
episode_3757,c_5,c_8,c_5,c_1,0.9712,0.08880612,model_2183
episode_3758,c_5,m_2,c_5,c_1,0.9526,0.15858956,model_2961
episode_3759,c_5,c_8,c_5,c_1,0.9712,0.08880612,model_2183
episode_3760,c_5,s,-,-,0.9443,0.1945998,model_2038
episode_3761,c_5,c_2,c_5,c_1,0.9816,0.05907004,model_1997
episode_3762,c_5,c_8,c_5,c_1,0.9712,0.08880612,model_2183
episode_3763,c_5,c_8,c_5,c_4,0.973,0.08671673,model_2907
episode_3764,c_5,c_8,c_5,c_8,0.9755,0.0773185,model_2612
episode_3765,c_5,c_8,c_5,c_1,0.9712,0.08880612,model_2183
episode_3766,c_5,c_8,c_5,c_1,0.9712,0.08880612,model_2183
episode_3767,c_5,c_8,c_5,c_1,0.9712,0.08880612,model_2183
episode_3768,c_5,c_8,c_5,c_1,0.9712,0.08880612,model_2183
episode_3769,c_5,m_1,c_5,c_1,0.9514,0.16680506,model_3100
episode_3770,c_5,c_8,c_5,c_1,0.9712,0.08880612,model_2183
episode_3771,c_4,c_8,c_5,c_1,0.9748,0.07962847,model_2890
episode_3772,c_5,c_8,c_5,c_1,0.9712,0.08880612,model_2183
episode_3773,c_5,c_8,m_1,c_1,0.9608,0.13567477,model_2866
episode_3774,c_5,c_8,c_5,c_1,0.9712,0.08880612,model_2183
episode_3775,c_5,c_8,c_5,c_1,0.9712,0.08880612,model_2183
episode_3776,m_1,c_8,c_5,c_1,0.9352,0.20951496,model_2919
episode_3777,c_5,c_8,c_11,m_1,0.9728,0.08856994,model_3110
episode_3778,c_6,c_8,c_5,c_1,0.9734,0.08131811,model_2074
episode_3779,c_5,c_8,c_5,c_1,0.9712,0.08880612,model_2183
episode_3780,c_5,c_8,c_5,c_1,0.9712,0.08880612,model_2183
episode_3781,c_5,c_8,c_5,c_1,0.9712,0.08880612,model_2183
episode_3782,c_5,c_8,c_5,c_1,0.9712,0.08880612,model_2183
episode_3783,c_5,c_8,c_5,c_1,0.9712,0.08880612,model_2183
episode_3784,c_3,c_8,c_5,c_1,0.9725,0.08604784,model_2669
episode_3785,c_5,c_8,c_5,c_1,0.9712,0.08880612,model_2183
episode_3786,c_5,c_8,c_5,c_1,0.9712,0.08880612,model_2183
episode_3787,c_5,c_8,c_5,c_1,0.9712,0.08880612,model_2183
episode_3788,c_4,c_8,c_5,c_1,0.9748,0.07962847,model_2890
episode_3789,c_5,c_8,c_5,c_5,0.9734,0.08246065,model_2468
episode_3790,c_5,c_8,c_5,c_1,0.9712,0.08880612,model_2183
episode_3791,c_5,c_8,c_5,c_1,0.9712,0.08880612,model_2183
episode_3792,c_5,c_8,c_5,c_1,0.9712,0.08880612,model_2183
episode_3793,c_5,c_8,c_5,c_1,0.9712,0.08880612,model_2183
episode_3794,c_5,c_8,c_5,c_1,0.9712,0.08880612,model_2183
episode_3795,c_5,s,-,-,0.9443,0.1945998,model_2038
episode_3796,c_5,c_8,c_5,c_1,0.9712,0.08880612,model_2183
episode_3797,c_5,c_8,c_5,c_1,0.9712,0.08880612,model_2183
episode_3798,c_5,c_8,c_5,c_1,0.9712,0.08880612,model_2183
episode_3799,c_5,c_8,s,-,0.9775,0.07043471,model_649
